-- phpMyAdmin SQL Dump
-- version 4.8.3
-- https://www.phpmyadmin.net/
--
-- Host: localhost:3306
-- Generation Time: Dec 18, 2018 at 02:34 AM
-- Server version: 10.1.36-MariaDB-cll-lve
-- PHP Version: 7.2.7

SET SQL_MODE = "NO_AUTO_VALUE_ON_ZERO";
SET AUTOCOMMIT = 0;
START TRANSACTION;
SET time_zone = "+00:00";


/*!40101 SET @OLD_CHARACTER_SET_CLIENT=@@CHARACTER_SET_CLIENT */;
/*!40101 SET @OLD_CHARACTER_SET_RESULTS=@@CHARACTER_SET_RESULTS */;
/*!40101 SET @OLD_COLLATION_CONNECTION=@@COLLATION_CONNECTION */;
/*!40101 SET NAMES utf8mb4 */;

--
-- Database: `afmoiin_lafors`
--

-- --------------------------------------------------------

--
-- Table structure for table `city_master`
--

CREATE TABLE `city_master` (
  `city_id` int(5) NOT NULL,
  `city_name` varchar(50) NOT NULL,
  `latitude` varchar(10) NOT NULL,
  `longitude` varchar(10) NOT NULL,
  `StateID` varchar(50) NOT NULL
) ENGINE=InnoDB DEFAULT CHARSET=latin1;

--
-- Dumping data for table `city_master`
--

INSERT INTO `city_master` (`city_id`, `city_name`, `latitude`, `longitude`, `StateID`) VALUES
(1, 'Port Blair', '11.67 N', '92.76 E', '32'),
(2, 'Adilabad', '19.68 N', '78.53 E', '1'),
(3, 'Adoni', '15.63 N', '77.28 E', '1'),
(4, 'Alwal', '17.50 N', '78.54 E', '1'),
(5, 'Anakapalle', '17.69 N', '83.00 E', '1'),
(6, 'Anantapur', '14.70 N', '77.59 E', '1'),
(7, 'Bapatla', '15.91 N', '80.47 E', '1'),
(8, 'Belampalli', '19.06 N', '79.49 E', '1'),
(9, 'Bhimavaram', '16.55 N', '81.53 E', '1'),
(10, 'Bhongir', '17.52 N', '78.88 E', '1'),
(11, 'Bobbili', '18.57 N', '83.37 E', '1'),
(12, 'Bodhan', '18.66 N', '77.88 E', '1'),
(13, 'Chilakalurupet', '16.10 N', '80.16 E', '1'),
(14, 'Chinna Chawk', '14.47 N', '78.83 E', '1'),
(15, 'Chirala', '15.84 N', '80.35 E', '1'),
(16, 'Chittur', '13.22 N', '79.10 E', '1'),
(17, 'Cuddapah', '14.48 N', '78.81 E', '1'),
(18, 'Dharmavaram', '14.42 N', '77.71 E', '1'),
(19, 'Dhone', '15.42 N', '77.88 E', '1'),
(20, 'Eluru', '16.72 N', '81.11 E', '1'),
(21, 'Gaddiannaram', '17.36 N', '78.52 E', '1'),
(22, 'Gadwal', '16.23 N', '77.80 E', '1'),
(23, 'Gajuwaka', '17.70 N', '83.21 E', '1'),
(24, 'Gudivada', '16.44 N', '81.00 E', '1'),
(25, 'Gudur', '14.15 N', '79.84 E', '1'),
(26, 'Guntakal', '15.18 N', '77.37 E', '1'),
(27, 'Guntur', '16.31 N', '80.44 E', '1'),
(28, 'Hindupur', '13.83 N', '77.48 E', '1'),
(29, 'Hyderabad', '17.40 N', '78.48 E', '1'),
(30, 'Jagtial', '18.80 N', '78.91 E', '1'),
(31, 'Kadiri', '14.12 N', '78.16 E', '1'),
(32, 'Kagaznagar', '19.34 N', '79.48 E', '1'),
(33, 'Kakinada', '16.96 N', '82.24 E', '1'),
(34, 'Kallur', '15.69 N', '77.77 E', '1'),
(35, 'Kamareddi', '18.32 N', '78.35 E', '1'),
(36, 'Kapra', '17.37 N', '78.48 E', '1'),
(37, 'Karimnagar', '18.45 N', '79.13 E', '1'),
(38, 'Karnul', '15.83 N', '78.03 E', '1'),
(39, 'Kavali', '14.92 N', '79.99 E', '1'),
(40, 'Khammam', '17.25 N', '80.15 E', '1'),
(41, 'Kodar', '16.98 N', '79.97 E', '1'),
(42, 'Kondukur', '15.22 N', '79.91 E', '1'),
(43, 'Koratla', '18.82 N', '78.72 E', '1'),
(44, 'Kottagudem', '17.56 N', '80.64 E', '1'),
(45, 'Kukatpalle', '17.49 N', '78.41 E', '1'),
(46, 'Lalbahadur Nagar', '17.43 N', '78.50 E', '1'),
(47, 'Machilipatnam', '16.19 N', '81.14 E', '1'),
(48, 'Mahbubnagar', '16.74 N', '77.98 E', '1'),
(49, 'Malkajgiri', '17.55 N', '78.59 E', '1'),
(50, 'Mancheral', '18.88 N', '79.45 E', '1'),
(51, 'Mandamarri', '18.97 N', '79.47 E', '1'),
(52, 'Mangalagiri', '16.44 N', '80.56 E', '1'),
(53, 'Markapur', '15.73 N', '79.28 E', '1'),
(54, 'Miryalaguda', '16.87 N', '79.57 E', '1'),
(55, 'Nalgonda', '17.06 N', '79.26 E', '1'),
(56, 'Nandyal', '15.49 N', '78.48 E', '1'),
(57, 'Narasapur', '16.45 N', '81.70 E', '1'),
(58, 'Narasaraopet', '16.24 N', '80.04 E', '1'),
(59, 'Nellur', '14.46 N', '79.98 E', '1'),
(60, 'Nirmal', '19.12 N', '78.35 E', '1'),
(61, 'Nizamabad', '18.68 N', '78.10 E', '1'),
(62, 'Nuzvid', '16.78 N', '80.85 E', '1'),
(63, 'Ongole', '15.50 N', '80.05 E', '1'),
(64, 'Palakollu', '16.52 N', '81.75 E', '1'),
(65, 'Palasa', '18.77 N', '84.42 E', '1'),
(66, 'Palwancha', '17.60 N', '80.68 E', '1'),
(67, 'Patancheru', '17.53 N', '78.27 E', '1'),
(68, 'Piduguralla', '16.48 N', '79.90 E', '1'),
(69, 'Ponnur', '16.07 N', '80.56 E', '1'),
(70, 'Proddatur', '14.73 N', '78.55 E', '1'),
(71, 'Qutubullapur', '17.43 N', '78.47 E', '1'),
(72, 'Rajamahendri', '17.02 N', '81.79 E', '1'),
(73, 'Rajampet', '14.18 N', '79.17 E', '1'),
(74, 'Rajendranagar', '17.29 N', '78.39 E', '1'),
(75, 'Ramachandrapuram', '17.56 N', '78.04 E', '1'),
(76, 'Ramagundam', '18.80 N', '79.45 E', '1'),
(77, 'Rayachoti', '14.05 N', '78.75 E', '1'),
(78, 'Rayadrug', '14.70 N', '76.87 E', '1'),
(79, 'Samalkot', '17.06 N', '82.18 E', '1'),
(80, 'Sangareddi', '17.63 N', '78.08 E', '1'),
(81, 'Sattenapalle', '16.40 N', '80.18 E', '1'),
(82, 'Serilungampalle', '17.48 N', '78.33 E', '1'),
(83, 'Siddipet', '18.11 N', '78.84 E', '1'),
(84, 'Sikandarabad', '17.47 N', '78.52 E', '1'),
(85, 'Sirsilla', '18.40 N', '78.81 E', '1'),
(86, 'Srikakulam', '18.30 N', '83.90 E', '1'),
(87, 'Srikalahasti', '13.76 N', '79.70 E', '1'),
(88, 'Suriapet', '17.15 N', '79.62 E', '1'),
(89, 'Tadepalle', '16.48 N', '80.60 E', '1'),
(90, 'Tadepallegudem', '16.82 N', '81.52 E', '1'),
(91, 'Tadpatri', '14.91 N', '78.00 E', '1'),
(92, 'Tandur', '17.25 N', '77.58 E', '1'),
(93, 'Tanuku', '16.75 N', '81.69 E', '1'),
(94, 'Tenali', '16.24 N', '80.65 E', '1'),
(95, 'Tirupati', '13.63 N', '79.41 E', '1'),
(96, 'Tuni', '17.35 N', '82.55 E', '1'),
(97, 'Uppal Kalan', '17.38 N', '78.55 E', '1'),
(98, 'Vijayawada', '16.52 N', '80.63 E', '1'),
(99, 'Vinukonda', '16.05 N', '79.75 E', '1'),
(100, 'Visakhapatnam', '17.73 N', '83.30 E', '1'),
(101, 'Vizianagaram', '18.12 N', '83.40 E', '1'),
(102, 'Vuyyuru', '16.37 N', '80.85 E', '1'),
(103, 'Wanparti', '16.37 N', '78.07 E', '1'),
(104, 'Warangal', '18.01 N', '79.58 E', '1'),
(105, 'Yemmiganur', '15.73 N', '77.48 E', '1'),
(106, 'Itanagar', '27.14 N', '93.61 E', '3'),
(107, 'Barpeta', '26.32 N', '91.00 E', '2'),
(108, 'Bongaigaon', '26.48 N', '90.54 E', '2'),
(109, 'Dhuburi', '26.03 N', '89.97 E', '2'),
(110, 'Dibrugarh', '27.49 N', '94.91 E', '2'),
(111, 'Diphu', '25.84 N', '93.43 E', '2'),
(112, 'Guwahati', '26.19 N', '91.75 E', '2'),
(113, 'Jorhat', '26.76 N', '94.20 E', '2'),
(114, 'Karimganj', '24.85 N', '92.36 E', '2'),
(115, 'Lakhimpur', '27.24 N', '94.10 E', '2'),
(116, 'Lanka', '25.93 N', '92.95 E', '2'),
(117, 'Nagaon', '26.35 N', '92.68 E', '2'),
(118, 'Sibsagar', '26.99 N', '94.63 E', '2'),
(119, 'Silchar', '24.83 N', '92.77 E', '2'),
(120, 'Tezpur', '26.63 N', '92.79 E', '2'),
(121, 'Tinsukia', '27.50 N', '95.36 E', '2'),
(122, 'Alipur Duar', '26.50 N', '89.53 E', '24'),
(123, 'Arambagh', '22.88 N', '87.78 E', '24'),
(124, 'Asansol', '23.69 N', '86.98 E', '24'),
(125, 'Ashoknagar Kalyangarh', '22.84 N', '88.63 E', '24'),
(126, 'Baharampur', '24.10 N', '88.24 E', '24'),
(127, 'Baidyabati', '22.79 N', '88.33 E', '24'),
(128, 'Baj Baj', '22.48 N', '88.17 E', '24'),
(129, 'Bally', '22.65 N', '88.35 E', '24'),
(130, 'Bally Cantonment', '22.65 N', '88.36 E', '24'),
(131, 'Balurghat', '25.23 N', '88.77 E', '24'),
(132, 'Bangaon', '23.05 N', '88.83 E', '24'),
(133, 'Bankra', '22.58 N', '88.31 E', '24'),
(134, 'Bankura', '23.24 N', '87.07 E', '24'),
(135, 'Bansbaria', '22.95 N', '88.40 E', '24'),
(136, 'Baranagar', '22.64 N', '88.37 E', '24'),
(137, 'Barddhaman', '23.24 N', '87.86 E', '24'),
(138, 'Basirhat', '22.66 N', '88.86 E', '24'),
(139, 'Bhadreswar', '22.84 N', '88.35 E', '24'),
(140, 'Bhatpara', '22.89 N', '88.42 E', '24'),
(141, 'Bidhannagar', '22.57 N', '88.42 E', '24'),
(142, 'Binnaguri', '26.74 N', '89.037 E', '24'),
(143, 'Bishnupur', '23.08 N', '87.33 E', '24'),
(144, 'Bolpur', '23.67 N', '87.70 E', '24'),
(145, 'Kolkata', '22.57 N', '88.36 E', '24'),
(146, 'Chakdaha', '22.48 N', '88.35 E', '24'),
(147, 'Champdani', '22.81 N', '88.34 E', '24'),
(148, 'Chandannagar', '22.89 N', '88.37 E', '24'),
(149, 'Contai', '21.79 N', '87.75 E', '24'),
(150, 'Dabgram', '', '', '24'),
(151, 'Darjiling', '27.05 N', '88.26 E', '24'),
(152, 'Dhulian', '24.68 N', '87.97 E', '24'),
(153, 'Dinhata', '26.13 N', '89.47 E', '24'),
(154, 'Dum Dum', '22.63 N', '88.42 E', '24'),
(155, 'Durgapur', '23.50 N', '87.31 E', '24'),
(156, 'Gangarampur', '25.40 N', '88.52 E', '24'),
(157, 'Garulia', '22.83 N', '88.37 E', '24'),
(158, 'Gayespur', '22.98 N', '88.51 E', '24'),
(159, 'Ghatal', '22.67 N', '87.72 E', '24'),
(160, 'Gopalpur', '', '', '24'),
(161, 'Habra', '22.84 N', '88.62 E', '24'),
(162, 'Halisahar', '22.95 N', '88.42 E', '24'),
(163, 'Haora', '22.58 N', '88.33 E', '24'),
(164, 'HugliChunchura', '22.91 N', '88.40 E', '24'),
(165, 'Ingraj Bazar', '25.01 N', '88.14 E', '24'),
(166, 'Islampur', '26.27 N', '88.20 E', '24'),
(167, 'Jalpaiguri', '26.53 N', '88.71 E', '24'),
(168, 'Jamuria', '23.70 N', '87.08 E', '24'),
(169, 'Jangipur', '24.47 N', '88.07 E', '24'),
(170, 'Jhargram', '22.45 N', '86.98 E', '24'),
(171, 'Kaliyaganj', '25.63 N', '88.32 E', '24'),
(172, 'Kalna', '23.22 N', '88.37 E', '24'),
(173, 'Kalyani', '22.98 N', '88.48 E', '24'),
(174, 'Kamarhati', '22.67 N', '88.37 E', '24'),
(175, 'Kanchrapara', '22.95 N', '88.45 E', '24'),
(176, 'Kandi', '23.95 N', '88.03 E', '24'),
(177, 'Karsiyang', '26.88 N', '88.28 E', '24'),
(178, 'Katwa', '23.65 N', '88.13 E', '24'),
(179, 'Kharagpur', '22.34 N', '87.31 E', '24'),
(180, 'Kharagpur Railway Settlement', '22.34 N', '87.26 E', '24'),
(181, 'Khardaha', '22.73 N', '88.38 E', '24'),
(182, 'Kharia', '', '', '24'),
(183, 'Koch Bihar', '26.33 N', '89.46 E', '24'),
(184, 'Konnagar', '22.70 N', '88.36 E', '24'),
(185, 'Krishnanagar', '23.41 N', '88.51 E', '24'),
(186, 'Kulti', '23.72 N', '86.89 E', '24'),
(187, 'Madhyamgram', '22.70 N', '88.45 E', '24'),
(188, 'Maheshtala', '22.51 N', '88.23 E', '24'),
(189, 'Memari', '23.20 N', '88.12 E', '24'),
(190, 'Midnapur', '22.33 N', '87.15 E', '24'),
(191, 'Naihati', '22.91 N', '88.43 E', '24'),
(192, 'Navadwip', '23.42 N', '88.37 E', '24'),
(193, 'Ni Barakpur', '22.77 N', '88.36 E', '24'),
(194, 'North Barakpur', '22.78 N', '88.37 E', '24'),
(195, 'North Dum Dum', '22.64 N', '88.41 E', '24'),
(196, 'Old Maldah', '', '', '24'),
(197, 'Panihati', '22.69 N', '88.37 E', '24'),
(198, 'Phulia', '23.24 N', '88.50 E', '24'),
(199, 'Pujali', '22.47 N', '88.15 E', '24'),
(200, 'Puruliya', '23.34 N', '86.36 E', '24'),
(201, 'Raiganj', '25.62 N', '88.12 E', '24'),
(202, 'Rajpur', '22.44 N', '88.44 E', '24'),
(203, 'Rampur Hat', '24.17 N', '87.78 E', '24'),
(204, 'Ranaghat', '23.19 N', '88.58 E', '24'),
(205, 'Raniganj', '23.62 N', '87.11 E', '24'),
(206, 'Rishra', '22.71 N', '88.36 E', '24'),
(207, 'Shantipur', '23.26 N', '88.44 E', '24'),
(208, 'Shiliguri', '26.73 N', '88.42 E', '24'),
(209, 'Shrirampur', '22.74 N', '88.35 E', '24'),
(210, 'Siuri', '23.91 N', '87.53 E', '24'),
(211, 'South Dum Dum', '22.61 N', '88.41 E', '24'),
(212, 'Titagarh', '22.74 N', '88.38 E', '24'),
(213, 'Ulubaria', '22.47 N', '88.11 E', '24'),
(214, 'UttarparaKotrung', '22.66 N', '88.35 E', '24'),
(215, 'Araria', '26.15 N', '87.52 E', '5'),
(216, 'Arrah', '25.56 N', '84.66 E', '5'),
(217, 'Aurangabad', '24.75 N', '84.37 E', '5'),
(218, 'Bagaha', '27.10 N', '84.09 E', '5'),
(219, 'Begusarai', '25.42 N', '86.12 E', '5'),
(220, 'Bettiah', '26.81 N', '84.50 E', '5'),
(221, 'Bhabua', '25.05 N', '83.62 E', '5'),
(222, 'Bhagalpur', '25.26 N', '86.98 E', '5'),
(223, 'Bihar', '25.21 N', '85.52 E', '5'),
(224, 'Buxar', '25.58 N', '83.98 E', '5'),
(225, 'Chhapra', '25.78 N', '84.72 E', '5'),
(226, 'Darbhanga', '26.16 N', '85.88 E', '5'),
(227, 'Dehri', '24.91 N', '84.18 E', '5'),
(228, 'DighaMainpura', '', '', '5'),
(229, 'Dinapur', '25.64 N', '85.04 E', '5'),
(230, 'Dumraon', '25.55 N', '84.15 E', '5'),
(231, 'Gaya', '24.81 N', '85.00 E', '5'),
(232, 'Gopalganj', '26.47 N', '84.43 E', '5'),
(233, 'Goura', '', '', '5'),
(234, 'Hajipur', '', '', '5'),
(235, 'Jahanabad', '25.22 N', '84.98 E', '5'),
(236, 'Jamalpur', '25.32 N', '86.48 E', '5'),
(237, 'Jamui', '24.92 N', '86.22 E', '5'),
(238, 'Katihar', '25.55 N', '87.57 E', '5'),
(239, 'Khagaria', '25.50 N', '86.48 E', '5'),
(240, 'Khagaul', '25.58 N', '85.05 E', '5'),
(241, 'Kishanganj', '26.11 N', '87.95 E', '5'),
(242, 'Lakhisarai', '25.18 N', '86.09 E', '5'),
(243, 'Madhipura', '25.92 N', '86.78 E', '5'),
(244, 'Madhubani', '26.37 N', '86.06 E', '5'),
(245, 'Masaurhi', '25.35 N', '85.03 E', '5'),
(246, 'Mokama', '25.40 N', '85.92 E', '5'),
(247, 'Motihari', '26.66 N', '84.91 E', '5'),
(248, 'Munger', '25.39 N', '86.47 E', '5'),
(249, 'Muzaffarpur', '26.13 N', '85.38 E', '5'),
(250, 'Nawada', '24.88 N', '85.54 E', '5'),
(251, 'Patna', '25.62 N', '85.13 E', '5'),
(252, 'Phulwari', '25.60 N', '85.13 E', '5'),
(253, 'Purnia', '25.78 N', '87.47 E', '5'),
(254, 'Raxaul', '26.98 N', '84.85 E', '5'),
(255, 'Saharsa', '25.88 N', '86.59 E', '5'),
(256, 'Samastipur', '25.85 N', '85.78 E', '5'),
(257, 'Sasaram', '24.96 N', '84.01 E', '5'),
(258, 'Sitamarhi', '26.61 N', '85.48 E', '5'),
(259, 'Siwan', '26.23 N', '84.35 E', '5'),
(260, 'Supaul', '26.12 N', '86.60 E', '5'),
(261, 'Chandigarh', '30.75 N', '76.78 E', '31'),
(262, 'Ambikapur', '23.13 N', '83.20 E', '35'),
(263, 'Bhilai', '21.21 N', '81.38 E', '35'),
(264, 'Bilaspur', '22.09 N', '82.15 E', '35'),
(265, 'Charoda', '21.23 N', '81.50 E', '35'),
(266, 'Chirmiri', '23.21 N', '82.41 E', '35'),
(267, 'Dhamtari', '20.71 N', '81.55 E', '35'),
(268, 'Durg', '21.20 N', '81.28 E', '35'),
(269, 'Jagdalpur', '19.09 N', '82.03 E', '35'),
(270, 'Korba', '22.35 N', '82.69 E', '35'),
(271, 'Raigarh', '21.90 N', '83.39 E', '35'),
(272, 'Raipur', '21.24 N', '81.63 E', '35'),
(273, 'Rajnandgaon', '21.10 N', '81.04 E', '35'),
(274, 'Bhalswa Jahangirpur', '28.74 N', '77.17 E', '25'),
(275, 'Burari', '', '', '25'),
(276, 'Chilla Saroda Bangar', '', '', '25'),
(277, 'Dallo Pura', '', '', '25'),
(278, 'Delhi', '28.67 N', '77.21 E', '25'),
(279, 'Deoli', '28.49 N', '77.22 E', '25'),
(280, 'Dilli Cantonment', '28.57 N', '77.16 E', '25'),
(281, 'Gharoli', '', '', '25'),
(282, 'Gokalpur', '28.71 N', '77.28 E', '25'),
(283, 'Hastsal', '', '', '25'),
(284, 'Jaffrabad', '', '', '25'),
(285, 'Karawal Nagar', '', '', '25'),
(286, 'Khajuri Khas', '', '', '25'),
(287, 'Kirari Suleman Nagar', '', '', '25'),
(288, 'Mandoli', '', '', '25'),
(289, 'Mithe Pur', '', '', '25'),
(290, 'Molarband', '', '', '25'),
(291, 'Mundka', '', '', '25'),
(292, 'Mustafabad', '', '', '25'),
(293, 'Nangloi Jat', '28.68 N', '77.07 E', '25'),
(294, 'Ni Dilli', '28.60 N', '77.22 E', '25'),
(295, 'Pul Pehlad', '', '', '25'),
(296, 'Puth Kalan', '', '', '25'),
(297, 'Roshan Pura', '28.60 N', '76.99 E', '25'),
(298, 'Sadat Pur Gujran', '', '', '25'),
(299, 'Sultanpur Majra', '28.76 N', '77.06 E', '25'),
(300, 'Tajpul', '', '', '25'),
(301, 'Tigri', '28.50 N', '77.22 E', '25'),
(302, 'Ziauddin Pur', '', '', '25'),
(303, 'Madgaon', '15.28 N', '73.94 E', '26'),
(304, 'Mormugao', '15.42 N', '73.78 E', '26'),
(305, 'Panaji', '15.50 N', '73.81 E', '26'),
(306, 'Ahmadabad', '23.03 N', '72.58 E', '4'),
(307, 'Amreli', '21.61 N', '71.22 E', '4'),
(308, 'Anand', '22.56 N', '72.95 E', '4'),
(309, 'Anjar', '23.12 N', '70.02 E', '4'),
(310, 'Bardoli', '21.12 N', '73.12 E', '4'),
(311, 'Bharuch', '21.71 N', '72.97 E', '4'),
(312, 'Bhavnagar', '21.79 N', '72.13 E', '4'),
(313, 'Bhuj', '23.26 N', '69.66 E', '4'),
(314, 'Borsad', '22.42 N', '72.90 E', '4'),
(315, 'Botad', '22.18 N', '71.66 E', '4'),
(316, 'Chandkheda', '23.15 N', '72.61 E', '4'),
(317, 'Chandlodiya', '23.10 N', '72.56 E', '4'),
(318, 'Dabhoi', '22.13 N', '73.41 E', '4'),
(319, 'Dahod', '22.84 N', '74.25 E', '4'),
(320, 'Dholka', '22.74 N', '72.44 E', '4'),
(321, 'Dhoraji', '21.74 N', '70.44 E', '4'),
(322, 'Dhrangadhra', '23.00 N', '71.46 E', '4'),
(323, 'Disa', '24.26 N', '72.18 E', '4'),
(324, 'Gandhidham', '23.07 N', '70.13 E', '4'),
(325, 'Gandhinagar', '23.30 N', '72.63 E', '4'),
(326, 'Ghatlodiya', '23.05 N', '72.55 E', '4'),
(327, 'Godhra', '22.77 N', '73.60 E', '4'),
(328, 'Gondal', '21.97 N', '70.80 E', '4'),
(329, 'Himatnagar', '23.60 N', '72.96 E', '4'),
(330, 'Jamnagar', '22.47 N', '70.07 E', '4'),
(331, 'Jamnagar', '', '', '4'),
(332, 'Jetpur', '21.75 N', '70.61 E', '4'),
(333, 'Junagadh', '21.52 N', '70.45 E', '4'),
(334, 'Kalol', '23.25 N', '72.49 E', '4'),
(335, 'Keshod', '21.31 N', '70.23 E', '4'),
(336, 'Khambhat', '22.32 N', '72.61 E', '4'),
(337, 'Kundla', '21.35 N', '71.30 E', '4'),
(338, 'Mahuva', '21.10 N', '71.75 E', '4'),
(339, 'Mangrol', '21.12 N', '70.12 E', '4'),
(340, 'Modasa', '23.47 N', '73.30 E', '4'),
(341, 'Morvi', '22.82 N', '70.83 E', '4'),
(342, 'Nadiad', '22.70 N', '72.85 E', '4'),
(343, 'Navagam Ghed', '', '', '4'),
(344, 'Navsari', '20.96 N', '72.92 E', '4'),
(345, 'Palitana', '21.52 N', '71.83 E', '4'),
(346, 'Patan', '23.86 N', '72.11 E', '4'),
(347, 'Porbandar', '21.65 N', '69.60 E', '4'),
(348, 'Puna', '', '', '4'),
(349, 'Rajkot', '22.31 N', '70.79 E', '4'),
(350, 'Ramod', '', '', '4'),
(351, 'Ranip', '23.03 N', '72.54 E', '4'),
(352, 'Siddhapur', '23.92 N', '72.37 E', '4'),
(353, 'Sihor', '21.70 N', '71.97 E', '4'),
(354, 'Surat', '21.20 N', '72.82 E', '4'),
(355, 'Surendranagar', '22.71 N', '71.67 E', '4'),
(356, 'Thaltej', '', '', '4'),
(357, 'Una', '20.82 N', '71.03 E', '4'),
(358, 'Unjha', '23.81 N', '72.38 E', '4'),
(359, 'Upleta', '21.75 N', '70.27 E', '4'),
(360, 'Vadodara', '22.31 N', '73.18 E', '4'),
(361, 'Valsad', '20.62 N', '72.92 E', '4'),
(362, 'Vapi', '20.37 N', '72.90 E', '4'),
(363, 'Vastral', '', '', '4'),
(364, 'Vejalpur', '', '', '4'),
(365, 'Veraval', '20.92 N', '70.34 E', '4'),
(366, 'Vijalpor', '', '', '4'),
(367, 'Visnagar', '23.71 N', '72.54 E', '4'),
(368, 'Wadhwan', '22.73 N', '71.72 E', '4'),
(369, 'Ambala', '30.38 N', '76.77 E', '6'),
(370, 'Ambala Cantonment', '30.39 N', '76.86 E', '6'),
(371, 'Ambala Sadar', '30.35 N', '76.84 E', '6'),
(372, 'Bahadurgarh', '28.69 N', '76.92 E', '6'),
(373, 'Bhiwani', '28.81 N', '76.12 E', '6'),
(374, 'Charkhi Dadri', '28.60 N', '76.27 E', '6'),
(375, 'Dabwali', '29.95 N', '74.73 E', '6'),
(376, 'Faridabad', '28.38 N', '77.30 E', '6'),
(377, 'Gohana', '29.13 N', '76.70 E', '6'),
(378, 'Hisar', '29.17 N', '75.72 E', '6'),
(379, 'Jagadhri', '30.18 N', '77.29 E', '6'),
(380, 'Jind', '29.31 N', '76.30 E', '6'),
(381, 'Kaithal', '29.81 N', '76.40 E', '6'),
(382, 'Karnal', '29.69 N', '76.97 E', '6'),
(383, 'Narnaul', '28.04 N', '76.10 E', '6'),
(384, 'Narwana', '29.62 N', '76.12 E', '6'),
(385, 'Palwal', '28.15 N', '77.32 E', '6'),
(386, 'Panchkula', '30.70 N', '76.88 E', '6'),
(387, 'Panipat', '29.39 N', '76.96 E', '6'),
(388, 'Rewari', '28.19 N', '76.60 E', '6'),
(389, 'Rohtak', '28.90 N', '76.58 E', '6'),
(390, 'Sirsa', '29.53 N', '75.03 E', '6'),
(391, 'Sonipat', '28.99 N', '77.01 E', '6'),
(392, 'Thanesar', '29.98 N', '76.82 E', '6'),
(393, 'Tohana', '29.70 N', '75.90 E', '6'),
(394, 'Yamunanagar', '30.14 N', '77.28 E', '6'),
(395, 'Shimla', '31.11 N', '77.16 E', '7'),
(396, 'Anantnag', '33.73 N', '75.15 E', '8'),
(397, 'Baramula', '34.20 N', '74.35 E', '8'),
(398, 'Bari Brahmana', '', '', '8'),
(399, 'Jammu', '32.71 N', '74.85 E', '8'),
(400, 'Kathua', '32.37 N', '75.52 E', '8'),
(401, 'Sopur', '34.30 N', '74.47 E', '8'),
(402, 'Srinagar', '34.09 N', '74.79 E', '8'),
(403, 'Udhampur', '32.93 N', '75.13 E', '8'),
(404, 'Adityapur', '22.80 N', '86.04 E', '34'),
(405, 'Bagbahra', '22.82 N', '86.20 E', '34'),
(406, 'Bhuli', '23.79 N', '86.38 E', '34'),
(407, 'Bokaro', '23.78 N', '85.96 E', '34'),
(408, 'Chaibasa', '22.56 N', '85.80 E', '34'),
(409, 'Chas', '23.65 N', '86.17 E', '34'),
(410, 'Daltenganj', '24.05 N', '84.06 E', '34'),
(411, 'Devghar', '24.49 N', '86.69 E', '34'),
(412, 'Dhanbad', '23.80 N', '86.42 E', '34'),
(413, 'Hazaribag', '24.01 N', '85.36 E', '34'),
(414, 'Jamshedpur', '22.79 N', '86.20 E', '34'),
(415, 'Jharia', '23.76 N', '86.42 E', '34'),
(416, 'Jhumri Tilaiya', '24.43 N', '85.52 E', '34'),
(417, 'Jorapokhar', '23.79 N', '86.36 E', '34'),
(418, 'Katras', '23.80 N', '86.28 E', '34'),
(419, 'Lohardaga', '23.43 N', '84.68 E', '34'),
(420, 'Mango', '22.85 N', '86.21 E', '34'),
(421, 'Phusro', '23.68 N', '85.86 E', '34'),
(422, 'Ramgarh', '23.63 N', '85.51 E', '34'),
(423, 'Ranchi', '23.36 N', '85.33 E', '34'),
(424, 'Sahibganj', '25.25 N', '87.62 E', '34'),
(425, 'Saunda', '23.64 N', '85.37 E', '34'),
(426, 'Sindari', '23.68 N', '86.49 E', '34'),
(427, 'Bagalkot', '16.19 N', '75.69 E', '9'),
(428, 'Bangalore', '12.97 N', '77.56 E', '9'),
(429, 'Basavakalyan', '17.87 N', '76.95 E', '9'),
(430, 'Belgaum', '15.86 N', '74.50 E', '9'),
(431, 'Bellary', '15.14 N', '76.91 E', '9'),
(432, 'Bhadravati', '13.84 N', '75.69 E', '9'),
(433, 'Bidar', '17.92 N', '77.52 E', '9'),
(434, 'Bijapur', '16.83 N', '75.71 E', '9'),
(435, 'Bommanahalli', '13.01 N', '77.63 E', '9'),
(436, 'Byatarayanapura', '', '', '9'),
(437, 'Challakere', '14.32 N', '76.65 E', '9'),
(438, 'Chamrajnagar', '11.92 N', '76.95 E', '9'),
(439, 'Channapatna', '12.66 N', '77.19 E', '9'),
(440, 'Chik Ballapur', '13.47 N', '77.73 E', '9'),
(441, 'Chikmagalur', '13.32 N', '75.76 E', '9'),
(442, 'Chintamani', '13.40 N', '78.05 E', '9'),
(443, 'Chitradurga', '14.23 N', '76.39 E', '9'),
(444, 'Dasarahalli', '13.01 N', '77.49 E', '9'),
(445, 'Davanagere', '14.46 N', '75.92 E', '9'),
(446, 'Dod Ballapur', '13.30 N', '77.52 E', '9'),
(447, 'Gadag', '15.44 N', '75.63 E', '9'),
(448, 'Gangawati', '15.44 N', '76.52 E', '9'),
(449, 'Gokak', '16.18 N', '74.81 E', '9'),
(450, 'Gulbarga', '17.34 N', '76.82 E', '9'),
(451, 'Harihar', '14.52 N', '75.80 E', '9'),
(452, 'Hassan', '13.01 N', '76.08 E', '9'),
(453, 'Haveri', '14.80 N', '75.40 E', '9'),
(454, 'Hiriyur', '13.97 N', '76.60 E', '9'),
(455, 'Hosakote', '', '', '9'),
(456, 'Hospet', '15.28 N', '76.37 E', '9'),
(457, 'Hubli', '15.36 N', '75.13 E', '9'),
(458, 'Ilkal', '15.97 N', '76.13 E', '9'),
(459, 'Jamkhandi', '16.51 N', '75.28 E', '9'),
(460, 'Kanakapura', '12.54 N', '77.42 E', '9'),
(461, 'Karwar', '14.82 N', '74.12 E', '9'),
(462, 'Kolar', '13.14 N', '78.13 E', '9'),
(463, 'Kollegal', '12.15 N', '77.12 E', '9'),
(464, 'Koppal', '15.35 N', '76.15 E', '9'),
(465, 'Krishnarajapura', '12.97 N', '77.74 E', '9'),
(466, 'Mahadevapura', '', '', '9'),
(467, 'Maisuru', '12.31 N', '76.65 E', '9'),
(468, 'Mandya', '12.54 N', '76.89 E', '9'),
(469, 'Mangaluru', '12.88 N', '74.84 E', '9'),
(470, 'Nipani', '16.41 N', '74.38 E', '9'),
(471, 'Pattanagere', '', '', '9'),
(472, 'Puttur', '12.77 N', '75.22 E', '9'),
(473, 'Rabkavi', '16.47 N', '75.11 E', '9'),
(474, 'Raichur', '16.21 N', '77.35 E', '9'),
(475, 'Ramanagaram', '12.72 N', '77.27 E', '9'),
(476, 'Ranibennur', '14.62 N', '75.61 E', '9'),
(477, 'Robertsonpet', '12.97 N', '78.28 E', '9'),
(478, 'Sagar', '14.17 N', '75.03 E', '9'),
(479, 'Shahabad', '17.13 N', '76.93 E', '9'),
(480, 'Shahpur', '16.70 N', '76.83 E', '9'),
(481, 'Shimoga', '13.93 N', '75.57 E', '9'),
(482, 'Shorapur', '16.52 N', '76.75 E', '9'),
(483, 'Sidlaghatta', '13.38 N', '77.87 E', '9'),
(484, 'Sira', '13.75 N', '76.90 E', '9'),
(485, 'Sirsi', '14.62 N', '74.85 E', '9'),
(486, 'Tiptur', '13.27 N', '76.48 E', '9'),
(487, 'Tumkur', '13.34 N', '77.10 E', '9'),
(488, 'Udupi', '13.35 N', '74.75 E', '9'),
(489, 'Ullal', '12.80 N', '74.85 E', '9'),
(490, 'Yadgir', '16.77 N', '77.13 E', '9'),
(491, 'Yelahanka', '13.10 N', '77.60 E', '9'),
(492, 'Alappuzha', '9.50 N', '76.33 E', '10'),
(493, 'Beypur', '11.18 N', '75.82 E', '10'),
(494, 'Cheruvannur', '11.21 N', '75.84 E', '10'),
(495, 'Edakkara', '', '', '10'),
(496, 'Edathala', '10.03 N', '76.32 E', '10'),
(497, 'Kalamassery', '10.05 N', '76.27 E', '10'),
(498, 'Kannan Devan Hills', '', '', '10'),
(499, 'Kannangad', '12.34 N', '75.09 E', '10'),
(500, 'Kannur', '11.86 N', '75.35 E', '10'),
(501, 'Kayankulam', '9.17 N', '76.49 E', '10'),
(502, 'Kochi', '10.02 N', '76.22 E', '10'),
(503, 'Kollam', '8.89 N', '76.58 E', '10'),
(504, 'Kottayam', '9.60 N', '76.52 E', '10'),
(505, 'Koyilandi', '11.43 N', '75.70 E', '10'),
(506, 'Kozhikkod', '11.26 N', '75.78 E', '10'),
(507, 'Kunnamkulam', '10.65 N', '76.08 E', '10'),
(508, 'Malappuram', '11.07 N', '76.06 E', '10'),
(509, 'Manjeri', '11.12 N', '76.11 E', '10'),
(510, 'Nedumangad', '8.61 N', '77.00 E', '10'),
(511, 'Neyyattinkara', '8.40 N', '77.08 E', '10'),
(512, 'Palakkad', '10.78 N', '76.65 E', '10'),
(513, 'Pallichal', '', '', '10'),
(514, 'Payyannur', '12.10 N', '75.19 E', '10'),
(515, 'Ponnani', '10.78 N', '75.92 E', '10'),
(516, 'Talipparamba', '12.03 N', '75.36 E', '10'),
(517, 'Thalassery', '11.75 N', '75.49 E', '10'),
(518, 'Thiruvananthapuram', '8.51 N', '76.95 E', '10'),
(519, 'Thrippunithura', '9.94 N', '76.35 E', '10'),
(520, 'Thrissur', '10.52 N', '76.21 E', '10'),
(521, 'Tirur', '10.91 N', '75.92 E', '10'),
(522, 'Tiruvalla', '9.39 N', '76.57 E', '10'),
(523, 'Vadakara', '11.61 N', '75.58 E', '10'),
(524, 'Ashoknagar', '24.57 N', '77.72 E', '11'),
(525, 'Balaghat', '21.80 N', '80.18 E', '11'),
(526, 'Basoda', '23.85 N', '77.93 E', '11'),
(527, 'Betul', '21.92 N', '77.90 E', '11'),
(528, 'Bhind', '26.57 N', '78.77 E', '11'),
(529, 'Bhopal', '23.24 N', '77.40 E', '11'),
(530, 'BinaEtawa', '24.20 N', '78.20 E', '11'),
(531, 'Burhanpur', '21.33 N', '76.22 E', '11'),
(532, 'Chhatarpur', '24.92 N', '79.58 E', '11'),
(533, 'Chhindwara', '22.07 N', '78.94 E', '11'),
(534, 'Dabra', '25.90 N', '78.33 E', '11'),
(535, 'Damoh', '23.85 N', '79.44 E', '11'),
(536, 'Datia', '25.67 N', '78.45 E', '11'),
(537, 'Dewas', '22.97 N', '76.05 E', '11'),
(538, 'Dhar', '22.60 N', '75.29 E', '11'),
(539, 'Gohad', '26.43 N', '78.45 E', '11'),
(540, 'Guna', '24.65 N', '77.30 E', '11'),
(541, 'Gwalior', '26.23 N', '78.17 E', '11'),
(542, 'Harda', '22.33 N', '77.11 E', '11'),
(543, 'Hoshangabad', '22.75 N', '77.71 E', '11'),
(544, 'Indore', '22.72 N', '75.86 E', '11'),
(545, 'Itarsi', '22.62 N', '77.76 E', '11'),
(546, 'Jabalpur', '23.17 N', '79.94 E', '11'),
(547, 'Jabalpur Cantonment', '23.16 N', '79.95 E', '11'),
(548, 'Jaora', '23.64 N', '75.11 E', '11'),
(549, 'Khandwa', '21.83 N', '76.35 E', '11'),
(550, 'Khargone', '21.83 N', '75.60 E', '11'),
(551, 'Mandidip', '23.10 N', '77.52 E', '11'),
(552, 'Mandsaur', '24.07 N', '75.07 E', '11'),
(553, 'Mau', '22.56 N', '75.75 E', '11'),
(554, 'Morena', '26.51 N', '77.99 E', '11'),
(555, 'Murwara', '23.85 N', '80.39 E', '11'),
(556, 'Nagda', '23.46 N', '75.42 E', '11'),
(557, 'Nimach', '24.47 N', '74.87 E', '11'),
(558, 'Pithampur', '', '', '11'),
(559, 'Raghogarh', '24.45 N', '77.20 E', '11'),
(560, 'Ratlam', '23.35 N', '75.03 E', '11'),
(561, 'Rewa', '24.53 N', '81.29 E', '11'),
(562, 'Sagar', '23.85 N', '78.75 E', '11'),
(563, 'Sarni', '22.04 N', '78.27 E', '11'),
(564, 'Satna', '24.58 N', '80.83 E', '11'),
(565, 'Sehore', '23.20 N', '77.08 E', '11'),
(566, 'Sendhwa', '21.68 N', '75.10 E', '11'),
(567, 'Seoni', '22.10 N', '79.55 E', '11'),
(568, 'Shahdol', '23.30 N', '81.36 E', '11'),
(569, 'Shajapur', '23.43 N', '76.27 E', '11'),
(570, 'Sheopur', '25.67 N', '76.70 E', '11'),
(571, 'Shivapuri', '25.43 N', '77.65 E', '11'),
(572, 'Sidhi', '24.42 N', '81.88 E', '11'),
(573, 'Singrauli', '23.84 N', '82.27 E', '11'),
(574, 'Tikamgarh', '24.74 N', '78.83 E', '11'),
(575, 'Ujjain', '23.19 N', '75.78 E', '11'),
(576, 'Vidisha', '23.53 N', '77.80 E', '11'),
(577, 'Achalpur', '21.26 N', '77.50 E', '12'),
(578, 'Ahmadnagar', '19.10 N', '74.74 E', '12'),
(579, 'Akola', '20.71 N', '77.00 E', '12'),
(580, 'Akot', '21.10 N', '77.05 E', '12'),
(581, 'Amalner', '21.05 N', '75.06 E', '12'),
(582, 'Ambajogai', '18.73 N', '76.38 E', '12'),
(583, 'Amravati', '20.95 N', '77.76 E', '12'),
(584, 'Anjangaon', '21.16 N', '77.31 E', '12'),
(585, 'Aurangabad', '19.89 N', '75.32 E', '12'),
(586, 'Badlapur', '19.15 N', '73.27 E', '12'),
(587, 'Ballarpur', '19.85 N', '79.35 E', '12'),
(588, 'Baramati', '18.15 N', '74.58 E', '12'),
(589, 'Barsi', '18.24 N', '75.69 E', '12'),
(590, 'Basmat', '19.32 N', '77.17 E', '12'),
(591, 'Bhadravati', '20.11 N', '79.12 E', '12'),
(592, 'Bhandara', '21.18 N', '79.65 E', '12'),
(593, 'Bhiwandi', '19.30 N', '73.05 E', '12'),
(594, 'Bhusawal', '21.05 N', '75.78 E', '12'),
(595, 'Bid', '18.99 N', '75.76 E', '12'),
(596, 'Mumbai', '18.96 N', '72.82 E', '12'),
(597, 'Buldana', '20.54 N', '76.18 E', '12'),
(598, 'Chalisgaon', '20.46 N', '74.99 E', '12'),
(599, 'Chandrapur', '19.96 N', '79.30 E', '12'),
(600, 'Chikhli', '20.35 N', '76.25 E', '12'),
(601, 'Chiplun', '17.53 N', '73.52 E', '12'),
(602, 'Chopda', '21.25 N', '75.28 E', '12'),
(603, 'Dahanu', '19.97 N', '72.73 E', '12'),
(604, 'Deolali', '19.95 N', '73.84 E', '12'),
(605, 'Dhule', '20.90 N', '74.77 E', '12'),
(606, 'Digdoh', '', '', '12'),
(607, 'Diglur', '18.55 N', '77.60 E', '12'),
(608, 'Gadchiroli', '20.17 N', '80.00 E', '12'),
(609, 'Gondiya', '21.47 N', '80.20 E', '12'),
(610, 'Hinganghat', '20.56 N', '78.83 E', '12'),
(611, 'Hingoli', '19.72 N', '77.14 E', '12'),
(612, 'Ichalkaranji', '16.69 N', '74.46 E', '12'),
(613, 'Jalgaon', '21.01 N', '75.56 E', '12'),
(614, 'Jalna', '19.85 N', '75.88 E', '12'),
(615, 'Kalyan', '19.25 N', '73.16 E', '12'),
(616, 'Kamthi', '21.23 N', '79.20 E', '12'),
(617, 'Karanja', '20.48 N', '77.48 E', '12'),
(618, 'Khadki', '18.57 N', '73.83 E', '12'),
(619, 'Khamgaon', '20.70 N', '76.56 E', '12'),
(620, 'Khopoli', '18.78 N', '73.33 E', '12'),
(621, 'Kolhapur', '16.70 N', '74.22 E', '12'),
(622, 'Kopargaon', '19.88 N', '74.48 E', '12'),
(623, 'Latur', '18.41 N', '76.58 E', '12'),
(624, 'Lonavale', '18.75 N', '73.42 E', '12'),
(625, 'Malegaon', '20.56 N', '74.52 E', '12'),
(626, 'Malkapur', '20.90 N', '76.19 E', '12'),
(627, 'Manmad', '20.26 N', '74.43 E', '12'),
(628, 'Mira Bhayandar', '19.29 N', '72.85 E', '12'),
(629, 'Nagpur', '21.16 N', '79.08 E', '12'),
(630, 'Nalasopara', '19.43 N', '72.78 E', '12'),
(631, 'Nanded', '19.17 N', '77.29 E', '12'),
(632, 'Nandurbar', '21.38 N', '74.23 E', '12'),
(633, 'Nashik', '20.01 N', '73.78 E', '12'),
(634, 'Navghar', '19.34 N', '72.90 E', '12'),
(635, 'Navi Mumbai', '19.11 N', '73.06 E', '12'),
(636, 'Navi Mumbai', '19.00 N', '73.10 E', '12'),
(637, 'Osmanabad', '18.17 N', '76.03 E', '12'),
(638, 'Palghar', '19.68 N', '72.75 E', '12'),
(639, 'Pandharpur', '17.68 N', '75.31 E', '12'),
(640, 'Parbhani', '19.27 N', '76.76 E', '12'),
(641, 'Phaltan', '17.98 N', '74.43 E', '12'),
(642, 'Pimpri', '18.62 N', '73.80 E', '12'),
(643, 'Pune', '18.53 N', '73.84 E', '12'),
(644, 'Pune Cantonment', '18.50 N', '73.88 E', '12'),
(645, 'Pusad', '19.91 N', '77.57 E', '12'),
(646, 'Ratnagiri', '17.00 N', '73.29 E', '12'),
(647, 'SangliMiraj', '16.86 N', '74.57 E', '12'),
(648, 'Satara', '17.70 N', '74.00 E', '12'),
(649, 'Shahada', '21.55 N', '74.47 E', '12'),
(650, 'Shegaon', '20.78 N', '76.68 E', '12'),
(651, 'Shirpur', '21.35 N', '74.88 E', '12'),
(652, 'Sholapur', '17.67 N', '75.89 E', '12'),
(653, 'Shrirampur', '19.63 N', '74.64 E', '12'),
(654, 'Sillod', '20.30 N', '75.65 E', '12'),
(655, 'Thana', '19.20 N', '72.97 E', '12'),
(656, 'Udgir', '18.40 N', '77.11 E', '12'),
(657, 'Ulhasnagar', '19.23 N', '73.15 E', '12'),
(658, 'Uran Islampur', '17.05 N', '74.27 E', '12'),
(659, 'Vasai', '19.36 N', '72.80 E', '12'),
(660, 'Virar', '19.47 N', '72.79 E', '12'),
(661, 'Wadi', '', '', '12'),
(662, 'Wani', '20.07 N', '78.95 E', '12'),
(663, 'Wardha', '20.75 N', '78.60 E', '12'),
(664, 'Warud', '21.47 N', '78.27 E', '12'),
(665, 'Washim', '20.10 N', '77.13 E', '12'),
(666, 'Yavatmal', '20.41 N', '78.13 E', '12'),
(667, 'Imphal', '24.79 N', '93.94 E', '13'),
(668, 'Shillong', '25.57 N', '91.87 E', '14'),
(669, 'Tura', '25.52 N', '90.22 E', '14'),
(670, 'Aizawl', '23.71 N', '92.71 E', '15'),
(671, 'Lunglei', '22.88 N', '92.73 E', '15'),
(672, 'Dimapur', '25.92 N', '93.73 E', '16'),
(673, 'Kohima', '25.67 N', '94.11 E', '16'),
(674, 'Wokha', '26.10 N', '94.27 E', '16'),
(675, 'Balangir', '20.71 N', '83.50 E', '17'),
(676, 'Baleshwar', '21.49 N', '86.95 E', '17'),
(677, 'Barbil', '22.12 N', '85.40 E', '17'),
(678, 'Bargarh', '21.34 N', '83.61 E', '17'),
(679, 'Baripada', '21.95 N', '86.73 E', '17'),
(680, 'Bhadrak', '21.06 N', '86.52 E', '17'),
(681, 'Bhawanipatna', '19.91 N', '83.17 E', '17'),
(682, 'Bhubaneswar', '20.27 N', '85.84 E', '17'),
(683, 'Brahmapur', '19.32 N', '84.80 E', '17'),
(684, 'Brajrajnagar', '21.82 N', '83.91 E', '17'),
(685, 'Dhenkanal', '20.67 N', '85.60 E', '17'),
(686, 'Jaypur', '18.86 N', '82.56 E', '17'),
(687, 'Jharsuguda', '21.87 N', '84.01 E', '17'),
(688, 'Kataka', '20.47 N', '85.88 E', '17'),
(689, 'Kendujhar', '21.63 N', '85.58 E', '17'),
(690, 'Paradwip', '20.32 N', '86.62 E', '17'),
(691, 'Puri', '19.81 N', '85.83 E', '17'),
(692, 'Raurkela', '22.24 N', '84.81 E', '17'),
(693, 'Raurkela Industrial Township', '', '', '17'),
(694, 'Rayagada', '19.18 N', '83.41 E', '17'),
(695, 'Sambalpur', '21.47 N', '83.97 E', '17'),
(696, 'Sunabeda', '18.69 N', '82.86 E', '17'),
(697, 'Karaikal', '10.93 N', '79.83 E', '27'),
(698, 'Ozhukarai', '11.94 N', '79.77 E', '27'),
(699, ' Pondichery', '11.94 N', '79.83 E', '27'),
(700, 'Abohar', '30.14 N', '74.20 E', '18'),
(701, 'Amritsar', '31.64 N', '74.87 E', '18'),
(702, 'Barnala', '30.39 N', '75.54 E', '18'),
(703, 'Batala', '31.82 N', '75.21 E', '18'),
(704, 'Bathinda', '30.17 N', '74.97 E', '18'),
(705, 'Dhuri', '30.37 N', '75.87 E', '18'),
(706, 'Faridkot', '30.68 N', '74.74 E', '18'),
(707, 'Fazilka', '30.41 N', '74.02 E', '18'),
(708, 'Firozpur', '30.92 N', '74.61 E', '18'),
(709, 'Firozpur Cantonment', '30.95 N', '74.60 E', '18'),
(710, 'Gobindgarh', '30.66 N', '76.31 E', '18'),
(711, 'Gurdaspur', '32.04 N', '75.40 E', '18'),
(712, 'Hoshiarpur', '31.53 N', '75.91 E', '18'),
(713, 'Jagraon', '30.78 N', '75.48 E', '18'),
(714, 'Jalandhar', '31.33 N', '75.57 E', '18'),
(715, 'Kapurthala', '31.38 N', '75.38 E', '18'),
(716, 'Khanna', '30.71 N', '76.21 E', '18'),
(717, 'Kot Kapura', '30.59 N', '74.80 E', '18'),
(718, 'Ludhiana', '30.91 N', '75.84 E', '18'),
(719, 'Malaut', '30.23 N', '74.48 E', '18'),
(720, 'Maler Kotla', '30.54 N', '75.87 E', '18'),
(721, 'Mansa', '29.98 N', '75.39 E', '18'),
(722, 'Moga', '30.82 N', '75.17 E', '18'),
(723, 'Mohali', '30.78 N', '76.69 E', '18'),
(724, 'Pathankot', '32.27 N', '75.64 E', '18'),
(725, 'Patiala', '30.32 N', '76.39 E', '18'),
(726, 'Phagwara', '31.22 N', '75.76 E', '18'),
(727, 'Rajpura', '30.48 N', '76.59 E', '18'),
(728, 'Rupnagar', '30.98 N', '76.52 E', '18'),
(729, 'Samana', '30.15 N', '76.20 E', '18'),
(730, 'Sangrur', '30.25 N', '75.84 E', '18'),
(731, 'Sirhind', '30.65 N', '76.38 E', '18'),
(732, 'Sunam', '30.13 N', '75.80 E', '18'),
(733, 'Tarn Taran', '31.45 N', '74.92 E', '18'),
(734, 'Ajmer', '26.45 N', '74.64 E', '19'),
(735, 'Alwar', '27.56 N', '76.60 E', '19'),
(736, 'Balotra', '25.83 N', '72.23 E', '19'),
(737, 'Banswara', '23.54 N', '74.44 E', '19'),
(738, 'Baran', '25.10 N', '76.51 E', '19'),
(739, 'Bari', '26.65 N', '77.60 E', '19'),
(740, 'Barmer', '25.75 N', '71.39 E', '19'),
(741, 'Beawar', '26.10 N', '74.30 E', '19'),
(742, 'Bharatpur', '27.23 N', '77.49 E', '19'),
(743, 'Bhilwara', '25.35 N', '74.63 E', '19'),
(744, 'Bhiwadi', '', '', '19'),
(745, 'Bikaner', '28.03 N', '73.32 E', '19'),
(746, 'Bundi', '25.45 N', '75.63 E', '19'),
(747, 'Chittaurgarh', '24.89 N', '74.63 E', '19'),
(748, 'Chomun', '27.17 N', '75.72 E', '19'),
(749, 'Churu', '28.31 N', '74.96 E', '19'),
(750, 'Daosa', '26.88 N', '76.33 E', '19'),
(751, 'Dhaulpur', '26.70 N', '77.87 E', '19'),
(752, 'Didwana', '27.39 N', '74.57 E', '19'),
(753, 'Fatehpur', '27.99 N', '74.95 E', '19'),
(754, 'Ganganagar', '29.93 N', '73.86 E', '19'),
(755, 'Gangapur', '26.47 N', '76.72 E', '19'),
(756, 'Hanumangarh', '29.62 N', '74.29 E', '19'),
(757, 'Hindaun', '26.74 N', '77.02 E', '19'),
(758, 'Jaipur', '26.92 N', '75.80 E', '19'),
(759, 'Jaisalmer', '26.92 N', '70.90 E', '19'),
(760, 'Jalor', '25.35 N', '72.62 E', '19'),
(761, 'Jhalawar', '24.60 N', '76.15 E', '19'),
(762, 'Jhunjhunun', '28.13 N', '75.39 E', '19'),
(763, 'Jodhpur', '26.29 N', '73.02 E', '19'),
(764, 'Karauli', '26.50 N', '77.02 E', '19'),
(765, 'Kishangarh', '26.58 N', '74.86 E', '19'),
(766, 'Kota', '25.18 N', '75.83 E', '19'),
(767, 'Kuchaman', '27.15 N', '74.85 E', '19'),
(768, 'Ladnun', '27.64 N', '74.38 E', '19'),
(769, 'Makrana', '27.05 N', '74.72 E', '19'),
(770, 'Nagaur', '27.21 N', '73.73 E', '19'),
(771, 'Nawalgarh', '27.85 N', '75.27 E', '19'),
(772, 'Nimbahera', '24.62 N', '74.68 E', '19'),
(773, 'Nokha', '27.60 N', '73.42 E', '19'),
(774, 'Pali', '25.79 N', '73.32 E', '19'),
(775, 'Rajsamand', '25.07 N', '73.88 E', '19'),
(776, 'Ratangarh', '28.09 N', '74.60 E', '19'),
(777, 'Sardarshahr', '28.45 N', '74.48 E', '19'),
(778, 'Sawai Madhopur', '26.03 N', '76.34 E', '19'),
(779, 'Sikar', '27.61 N', '75.13 E', '19'),
(780, 'Sujangarh', '27.70 N', '74.46 E', '19'),
(781, 'Suratgarh', '29.32 N', '73.90 E', '19'),
(782, 'Tonk', '26.17 N', '75.78 E', '19'),
(783, 'Udaipur', '24.58 N', '73.69 E', '19'),
(784, 'Alandur', '13.03 N', '80.23 E', '21'),
(785, 'Ambattur', '13.11 N', '80.17 E', '21'),
(786, 'Ambur', '12.80 N', '78.72 E', '21'),
(787, 'Arakonam', '13.08 N', '79.67 E', '21'),
(788, 'Arani', '12.68 N', '79.28 E', '21'),
(789, 'Aruppukkottai', '9.51 N', '78.09 E', '21'),
(790, 'Attur', '11.60 N', '78.60 E', '21'),
(791, 'Avadi', '13.12 N', '80.11 E', '21'),
(792, 'Avaniapuram', '9.86 N', '78.12 E', '21'),
(793, 'Bodinayakkanur', '10.01 N', '77.35 E', '21'),
(794, 'Chengalpattu', '12.70 N', '79.97 E', '21'),
(795, 'Dharapuram', '10.74 N', '77.52 E', '21'),
(796, 'Dharmapuri', '12.13 N', '78.16 E', '21'),
(797, 'Dindigul', '10.36 N', '77.97 E', '21'),
(798, 'Erode', '11.35 N', '77.73 E', '21'),
(799, 'Gopichettipalaiyam', '11.46 N', '77.43 E', '21'),
(800, 'Gudalur', '11.76 N', '79.75 E', '21'),
(801, 'Gudiyattam', '12.95 N', '78.86 E', '21'),
(802, 'Hosur', '12.72 N', '77.82 E', '21'),
(803, 'Idappadi', '11.58 N', '77.85 E', '21'),
(804, 'Kadayanallur', '9.08 N', '77.35 E', '21'),
(805, 'Kambam', '9.74 N', '77.28 E', '21'),
(806, 'Kanchipuram', '12.84 N', '79.70 E', '21'),
(807, 'Karur', '10.96 N', '78.07 E', '21'),
(808, 'Kavundampalaiyam', '11.05 N', '76.92 E', '21'),
(809, 'Kovilpatti', '9.19 N', '77.86 E', '21'),
(810, 'Koyampattur', '11.01 N', '76.96 E', '21'),
(811, 'Krishnagiri', '12.54 N', '78.21 E', '21'),
(812, 'Kumarapalaiyam', '11.44 N', '77.73 E', '21'),
(813, 'Kumbakonam', '10.97 N', '79.38 E', '21'),
(814, 'Kuniyamuthur', '10.98 N', '76.95 E', '21'),
(815, 'Kurichi', '10.92 N', '76.96 E', '21'),
(816, 'Madhavaram', '13.02 N', '80.26 E', '21'),
(817, 'Chennai', '13.09 N', '80.27 E', '21'),
(818, 'Madurai', '9.92 N', '78.12 E', '21'),
(819, 'Maduravoyal', '', '', '21'),
(820, 'Mannargudi', '10.67 N', '79.45 E', '21'),
(821, 'Mayiladuthurai', '11.11 N', '79.65 E', '21'),
(822, 'Mettupalayam', '11.30 N', '76.94 E', '21'),
(823, 'Mettur', '11.80 N', '77.80 E', '21'),
(824, 'Nagapattinam', '10.80 N', '79.84 E', '21'),
(825, 'Nagercoil', '8.18 N', '77.43 E', '21'),
(826, 'Namakkal', '11.23 N', '78.17 E', '21'),
(827, 'Nerkunram', '13.04 N', '80.26 E', '21'),
(828, 'Neyveli', '11.62 N', '79.48 E', '21'),
(829, 'Pallavaram', '12.99 N', '80.16 E', '21'),
(830, 'Pammal', '12.97 N', '80.11 E', '21'),
(831, 'Pannuratti', '11.78 N', '79.55 E', '21'),
(832, 'Paramakkudi', '9.54 N', '78.59 E', '21'),
(833, 'Pattukkottai', '10.43 N', '79.31 E', '21'),
(834, 'Pollachi', '10.67 N', '77.00 E', '21'),
(835, 'Pudukkottai', '10.39 N', '78.82 E', '21'),
(836, 'Puliyankudi', '9.18 N', '77.40 E', '21'),
(837, 'Punamalli', '13.05 N', '80.11 E', '21'),
(838, 'Rajapalaiyam', '9.46 N', '77.55 E', '21'),
(839, 'Ramanathapuram', '9.37 N', '78.83 E', '21'),
(840, 'Salem', '11.67 N', '78.16 E', '21'),
(841, 'Sankarankoil', '9.17 N', '77.54 E', '21'),
(842, 'Sivakasi', '9.46 N', '77.79 E', '21'),
(843, 'Srivilliputtur', '9.52 N', '77.63 E', '21'),
(844, 'Tambaram', '12.93 N', '80.12 E', '21'),
(845, 'Tenkasi', '8.96 N', '77.31 E', '21'),
(846, 'Thanjavur', '10.79 N', '79.13 E', '21'),
(847, 'Theni Allinagaram', '10.02 N', '77.48 E', '21'),
(848, 'Thiruthangal', '9.48 N', '77.83 E', '21'),
(849, 'Thiruvarur', '10.78 N', '79.64 E', '21'),
(850, 'Thuthukkudi', '8.81 N', '78.14 E', '21'),
(851, 'Tindivanam', '12.24 N', '79.65 E', '21'),
(852, 'Tiruchchirappalli', '10.81 N', '78.69 E', '21'),
(853, 'Tiruchengode', '11.38 N', '77.90 E', '21'),
(854, 'Tirunelveli', '8.73 N', '77.69 E', '21'),
(855, 'Tirupathur', '12.50 N', '78.57 E', '21'),
(856, 'Tiruppur', '11.09 N', '77.35 E', '21'),
(857, 'Tiruvannamalai', '12.24 N', '79.07 E', '21'),
(858, 'Tiruvottiyur', '13.16 N', '80.29 E', '21'),
(859, 'Udagamandalam', '11.42 N', '76.69 E', '21'),
(860, 'Udumalaipettai', '10.58 N', '77.24 E', '21'),
(861, 'Valparai', '10.38 N', '76.99 E', '21'),
(862, 'Vaniyambadi', '12.69 N', '78.60 E', '21'),
(863, 'Velampalaiyam', '', '', '21'),
(864, 'Velluru', '12.92 N', '79.13 E', '21'),
(865, 'Viluppuram', '11.95 N', '79.49 E', '21'),
(866, 'Virappanchatram', '11.40 N', '77.70 E', '21'),
(867, 'Virudhachalam', '11.51 N', '79.32 E', '21'),
(868, 'Virudunagar', '9.59 N', '77.95 E', '21'),
(869, 'Agartala', '23.84 N', '91.27 E', '22'),
(870, 'Agartala MCl', '', '', '22'),
(871, 'Badharghat', '', '', '22'),
(872, 'Agra', '27.19 N', '78.01 E', '23'),
(873, 'Aligarh', '27.89 N', '78.06 E', '23'),
(874, 'Allahabad', '25.45 N', '81.84 E', '23'),
(875, 'Amroha', '28.91 N', '78.46 E', '23'),
(876, 'Aonla', '28.28 N', '79.15 E', '23'),
(877, 'Auraiya', '26.47 N', '79.50 E', '23'),
(878, 'Ayodhya', '26.80 N', '82.20 E', '23'),
(879, 'Azamgarh', '26.07 N', '83.18 E', '23'),
(880, 'Baheri', '28.78 N', '79.50 E', '23'),
(881, 'Bahraich', '27.58 N', '81.59 E', '23'),
(882, 'Ballia', '25.76 N', '84.15 E', '23'),
(883, 'Balrampur', '27.43 N', '82.18 E', '23'),
(884, 'Banda', '25.48 N', '80.33 E', '23'),
(885, 'Baraut', '29.10 N', '77.26 E', '23'),
(886, 'Bareli', '28.36 N', '79.41 E', '23'),
(887, 'Basti', '26.80 N', '82.74 E', '23'),
(888, 'Behta Hajipur', '', '', '23'),
(889, 'Bela', '25.92 N', '81.99 E', '23'),
(890, 'Bhadohi', '25.40 N', '82.56 E', '23'),
(891, 'Bijnor', '29.38 N', '78.13 E', '23'),
(892, 'Bisalpur', '28.30 N', '79.80 E', '23'),
(893, 'Biswan', '27.50 N', '81.00 E', '23'),
(894, 'Budaun', '28.04 N', '79.12 E', '23'),
(895, 'Bulandshahr', '28.41 N', '77.85 E', '23'),
(896, 'Chandausi', '28.46 N', '78.78 E', '23'),
(897, 'Chandpur', '29.14 N', '78.27 E', '23'),
(898, 'Chhibramau', '27.15 N', '79.52 E', '23'),
(899, 'Chitrakut Dham', '25.20 N', '80.84 E', '23'),
(900, 'Dadri', '28.57 N', '77.55 E', '23'),
(901, 'Deoband', '29.70 N', '77.67 E', '23'),
(902, 'Deoria', '26.51 N', '83.78 E', '23'),
(903, 'Etah', '27.57 N', '78.64 E', '23'),
(904, 'Etawah', '26.78 N', '79.01 E', '23'),
(905, 'Faizabad', '26.78 N', '82.14 E', '23'),
(906, 'Faridpur', '28.22 N', '79.53 E', '23'),
(907, 'Farrukhabad', '27.40 N', '79.57 E', '23'),
(908, 'Fatehpur', '25.93 N', '80.81 E', '23'),
(909, 'Firozabad', '27.15 N', '78.39 E', '23'),
(910, 'Gajraula', '28.85 N', '78.23 E', '23'),
(911, 'Ganga Ghat', '26.52 N', '80.45 E', '23'),
(912, 'Gangoh', '29.77 N', '77.25 E', '23'),
(913, 'Ghaziabad', '28.66 N', '77.41 E', '23'),
(914, 'Ghazipur', '25.59 N', '83.59 E', '23'),
(915, 'Gola Gokarannath', '28.08 N', '80.47 E', '23'),
(916, 'Gonda', '27.14 N', '81.95 E', '23'),
(917, 'Gorakhpur', '26.76 N', '83.36 E', '23'),
(918, 'Hapur', '28.73 N', '77.77 E', '23'),
(919, 'Hardoi', '27.42 N', '80.12 E', '23'),
(920, 'Hasanpur', '28.72 N', '78.28 E', '23'),
(921, 'Hathras', '27.60 N', '78.04 E', '23'),
(922, 'Jahangirabad', '28.42 N', '78.10 E', '23'),
(923, 'Jalaun', '26.15 N', '79.35 E', '23'),
(924, 'Jaunpur', '25.76 N', '82.69 E', '23'),
(925, 'Jhansi', '25.45 N', '78.56 E', '23'),
(926, 'Kadi', '23.31 N', '72.33 E', '23'),
(927, 'Kairana', '29.40 N', '77.20 E', '23'),
(928, 'Kannauj', '27.06 N', '79.91 E', '23'),
(929, 'Kanpur', '26.47 N', '80.33 E', '23'),
(930, 'Kanpur Cantonment', '26.50 N', '80.28 E', '23'),
(931, 'Kasganj', '27.81 N', '78.63 E', '23'),
(932, 'Khatauli', '29.28 N', '77.72 E', '23'),
(933, 'Khora', '', '', '23'),
(934, 'Khurja', '28.26 N', '77.85 E', '23'),
(935, 'Kiratpur', '29.52 N', '78.20 E', '23'),
(936, 'Kosi Kalan', '27.80 N', '77.44 E', '23'),
(937, 'Laharpur', '27.72 N', '80.90 E', '23'),
(938, 'Lakhimpur', '27.95 N', '80.78 E', '23'),
(939, 'Lakhnau', '26.85 N', '80.92 E', '23'),
(940, 'Lakhnau Cantonment', '26.81 N', '80.97 E', '23'),
(941, 'Lalitpur', '24.70 N', '78.41 E', '23'),
(942, 'Loni', '28.75 N', '77.28 E', '23'),
(943, 'Mahoba', '25.30 N', '79.87 E', '23'),
(944, 'Mainpuri', '27.24 N', '79.02 E', '23'),
(945, 'Mathura', '27.50 N', '77.68 E', '23'),
(946, 'Mau', '25.96 N', '83.56 E', '23'),
(947, 'Mauranipur', '25.24 N', '79.13 E', '23'),
(948, 'Mawana', '29.11 N', '77.91 E', '23'),
(949, 'Mirat', '28.99 N', '77.70 E', '23'),
(950, 'Mirat Cantonment', '29.02 N', '77.67 E', '23'),
(951, 'Mirzapur', '25.16 N', '82.56 E', '23'),
(952, 'Modinagar', '28.92 N', '77.62 E', '23'),
(953, 'Moradabad', '28.84 N', '78.76 E', '23'),
(954, 'Mubarakpur', '26.09 N', '83.28 E', '23'),
(955, 'Mughal Sarai', '25.30 N', '83.12 E', '23'),
(956, 'Muradnagar', '28.78 N', '77.50 E', '23'),
(957, 'Muzaffarnagar', '29.48 N', '77.69 E', '23'),
(958, 'Nagina', '29.45 N', '78.43 E', '23'),
(959, 'Najibabad', '29.62 N', '78.33 E', '23'),
(960, 'Nawabganj', '26.94 N', '81.19 E', '23'),
(961, 'Noida', '28.58 N', '77.33 E', '23'),
(962, 'Obra', '24.42 N', '82.98 E', '23'),
(963, 'Orai', '25.99 N', '79.45 E', '23'),
(964, 'Pilibhit', '28.64 N', '79.81 E', '23'),
(965, 'Pilkhuwa', '28.72 N', '77.65 E', '23'),
(966, 'Rae Bareli', '26.23 N', '81.23 E', '23'),
(967, 'Ramgarh Nagla Kothi', '', '', '23'),
(968, 'Rampur', '28.82 N', '79.02 E', '23'),
(969, 'Rath', '25.58 N', '79.57 E', '23'),
(970, 'Renukut', '24.20 N', '83.03 E', '23'),
(971, 'Saharanpur', '29.97 N', '77.54 E', '23'),
(972, 'Sahaswan', '28.08 N', '78.74 E', '23'),
(973, 'Sambhal', '28.59 N', '78.56 E', '23'),
(974, 'Sandila', '27.08 N', '80.52 E', '23'),
(975, 'Shahabad', '27.65 N', '79.95 E', '23'),
(976, 'Shahjahanpur', '27.88 N', '79.90 E', '23'),
(977, 'Shamli', '29.46 N', '77.31 E', '23'),
(978, 'Sherkot', '29.35 N', '78.58 E', '23'),
(979, 'Shikohabad', '27.12 N', '78.58 E', '23'),
(980, 'Sikandarabad', '28.44 N', '77.69 E', '23'),
(981, 'Sitapur', '27.57 N', '80.69 E', '23'),
(982, 'Sukhmalpur Nizamabad', '', '', '23'),
(983, 'Sultanpur', '26.26 N', '82.06 E', '23'),
(984, 'Tanda', '26.55 N', '82.65 E', '23'),
(985, 'Tilhar', '27.98 N', '79.73 E', '23'),
(986, 'Tundla', '27.20 N', '78.28 E', '23'),
(987, 'Ujhani', '28.02 N', '79.02 E', '23'),
(988, 'Unnao', '26.55 N', '80.49 E', '23'),
(989, 'Varanasi', '25.32 N', '83.01 E', '23'),
(990, 'Vrindavan', '27.58 N', '77.70 E', '23'),
(991, 'Dehra Dun', '30.34 N', '78.05 E', '33'),
(992, 'Dehra Dun Cantonment', '30.34 N', '77.97 E', '33'),
(993, 'Gola Range', '', '', '33'),
(994, 'Haldwani', '29.23 N', '79.52 E', '33'),
(995, 'Haridwar', '29.98 N', '78.16 E', '33'),
(996, 'Kashipur', '29.22 N', '78.96 E', '33'),
(997, 'Pithoragarh', '29.58 N', '80.22 E', '33'),
(998, 'Rishikesh', '30.12 N', '78.29 E', '33'),
(999, 'Rudrapur', '', '', '33'),
(1000, 'Rurki', '29.87 N', '77.89 E', '33');

-- --------------------------------------------------------

--
-- Table structure for table `expmonth_master`
--

CREATE TABLE `expmonth_master` (
  `month_id` int(11) NOT NULL,
  `month` varchar(255) NOT NULL
) ENGINE=InnoDB DEFAULT CHARSET=latin1;

--
-- Dumping data for table `expmonth_master`
--

INSERT INTO `expmonth_master` (`month_id`, `month`) VALUES
(1, '0'),
(2, '1 Month'),
(3, '2 Months'),
(4, '3 Months'),
(5, '4 Months'),
(6, '5 Months'),
(7, '6 Months'),
(8, '7 Months'),
(9, '8 Months'),
(10, '9 Months'),
(11, '10 Months'),
(12, '11 Months');

-- --------------------------------------------------------

--
-- Table structure for table `expyear_master`
--

CREATE TABLE `expyear_master` (
  `year_id` int(11) NOT NULL,
  `year` varchar(255) NOT NULL
) ENGINE=InnoDB DEFAULT CHARSET=latin1;

--
-- Dumping data for table `expyear_master`
--

INSERT INTO `expyear_master` (`year_id`, `year`) VALUES
(1, 'Fresher'),
(2, '1 Year'),
(3, '2 Years'),
(4, '3 Years'),
(5, '4 Years'),
(6, '5 Years'),
(7, '6 Years'),
(8, '7 Years'),
(9, '8 Years'),
(10, '9 Years'),
(11, '10 Years'),
(12, '11 Years'),
(13, '12 Years'),
(14, '13 Years'),
(15, '14 Years'),
(16, '15 Years'),
(17, '16 Years'),
(18, '17 Years'),
(19, '18 Years'),
(20, '19 Years'),
(21, '20 Years'),
(22, '21 Years'),
(23, '22 Years'),
(24, '23 Years'),
(25, '24 Years'),
(26, '25 Years'),
(27, '26 Years'),
(28, '27 Years'),
(29, '28 Years'),
(30, '29 Years'),
(31, '30 Years'),
(32, '30+ Years');

-- --------------------------------------------------------

--
-- Table structure for table `functional_master`
--

CREATE TABLE `functional_master` (
  `fun_id` int(11) NOT NULL,
  `funname` varchar(255) NOT NULL
) ENGINE=InnoDB DEFAULT CHARSET=latin1;

--
-- Dumping data for table `functional_master`
--

INSERT INTO `functional_master` (`fun_id`, `funname`) VALUES
(1, 'Accounts / Finance / Tax /CS / Audit'),
(2, 'Agent'),
(3, 'Analytics & Business Intelligence'),
(4, 'Architecture / Interior Design'),
(5, 'Banking / Insurance'),
(6, 'Beauty / Fitness / Spa Services'),
(7, 'Content / Journalism'),
(8, 'Corporate Planning /  Consulting'),
(9, 'CRS & Sustainability'),
(10, 'Engineering Design / R&D'),
(11, 'Export / Import / Merchandising'),
(12, 'Fashion / Garments / Merchandising'),
(13, 'Guards / Security Services'),
(14, 'Hotels / Restaurats'),
(15, 'HR / Administration / IR'),
(16, 'IT Software - Client Server'),
(17, 'IT Software - Mainframe'),
(18, 'IT Software - Middleware'),
(19, 'IT Software - Mobile'),
(20, 'IT Software - Other'),
(21, 'IT Software - System Programming'),
(22, 'IT Software - Telecom Software'),
(23, 'IT Software - Application Pragramming / Maintenance'),
(24, 'IT Software - DBA / Datawarehousing'),
(25, 'IT Software - E-Commerce / Internet Technologies'),
(26, 'IT Software - Embedded/EDA /VLSI/ ASIC / Chip Des.'),
(27, 'IT Software - ERP / CRM'),
(28, 'IT Software - Network Administration / Security'),
(29, 'IT Software - QA & Testing'),
(30, 'IT Software - System / EDP / MIS'),
(31, 'IT - Hardware / Telecom / Technical Staff / Support'),
(32, 'ITES / BPO / KPO / Customer Service / Operations'),
(33, 'Legal'),
(34, 'Marketing / Advertising / MR / PR'),
(35, 'Packaging'),
(36, 'Pharma / Biotech / Healthcare / Medical / R&D'),
(37, 'Production / Maintenance / Quality'),
(38, 'Purchase / Logistics / Supply Chain'),
(39, 'Sales / BD'),
(40, 'Secretary / Front Office / Data Entry'),
(41, 'Self Employed / Consultants'),
(42, 'Shipping'),
(43, 'Site Engineering / Project Management'),
(44, 'Teaching / Education'),
(45, 'Ticketing / Travel / Airlines'),
(46, 'Top Management'),
(47, 'TV / Films / Production'),
(48, 'Web / Graphic Design / Visualiser'),
(49, 'Other');

-- --------------------------------------------------------

--
-- Table structure for table `industry_master`
--

CREATE TABLE `industry_master` (
  `ind_id` int(11) NOT NULL,
  `indname` varchar(255) NOT NULL
) ENGINE=InnoDB DEFAULT CHARSET=latin1;

--
-- Dumping data for table `industry_master`
--

INSERT INTO `industry_master` (`ind_id`, `indname`) VALUES
(1, 'Accounting/Finance'),
(2, 'Advertising/PR/MR/Events'),
(3, 'Agriculture/Diary'),
(4, 'Animation'),
(5, 'Architecture/Interior Designing'),
(6, 'Auto/Auto Ancilary'),
(7, 'Aviation/Aerospace Firms'),
(8, 'Banking/Financial Services/Broking'),
(9, 'BPO/ITES'),
(10, 'Brewery/Distillery'),
(11, 'Broadcasting '),
(12, 'Ceramics/Sanitary ware'),
(13, 'Chemicals/PetroChemical/Plastic/Rubber'),
(14, 'Construction/Engineering/Cement/Metals'),
(15, 'Consumer Durables'),
(16, 'Courier/Transportation/Freight'),
(17, 'Defence/Government'),
(18, 'Education/Teaching/Training'),
(19, 'Electricals/Switchgears'),
(20, 'Export/Import'),
(21, 'Facility Management'),
(22, 'Fertilizers/Pesticides'),
(23, 'FMCG/Foods/Beverage'),
(24, 'Food Processing'),
(25, 'Fresher/Trainee'),
(26, 'Gems & Jewellery'),
(27, 'Glass'),
(28, 'Heat Ventilation Air Conditioning'),
(29, 'Hotels/Restaurants/Airlines/Travel'),
(30, 'Industrial Products/Heavy Machinery'),
(31, 'Insurance'),
(32, 'Internet/Ecommerce'),
(33, 'IT-Hardware & Networking'),
(34, 'IT-Software/Software Services'),
(35, 'KPO / Research/ Analytics'),
(36, 'Leather'),
(37, 'Legal'),
(38, 'Media/Dotcom/Entertainment'),
(39, 'Medical Devices/Equipments'),
(40, 'Mining'),
(41, 'NGO/Social Services'),
(42, 'Office Equipment/Automation'),
(43, 'Oil and Gas/Power/Infrastructure/Energy'),
(44, 'Paper'),
(45, 'Pharma/Biotech/Clinical Research'),
(46, 'Printing/Packaging'),
(47, 'Publishing'),
(48, 'Real Estate/Property'),
(49, 'Recruitment'),
(50, 'Retail'),
(51, 'Security/Law Enforcement'),
(52, 'Semiconductors/Electronics'),
(53, 'Shipping/Marine'),
(54, 'Steel'),
(55, 'Strategy/Management Consulting Firms'),
(56, 'Sugar'),
(57, 'Telecom/ISP'),
(58, 'Textiles/Garments/Accessories'),
(59, 'Tyres'),
(60, 'Water Treatment / Waste Management'),
(61, 'Wellness/Fitness/Sports/Beauty'),
(62, 'Other');

-- --------------------------------------------------------

--
-- Table structure for table `maincourse_master`
--

CREATE TABLE `maincourse_master` (
  `courseid` int(11) NOT NULL,
  `coursename` varchar(500) NOT NULL
) ENGINE=InnoDB DEFAULT CHARSET=latin1;

--
-- Dumping data for table `maincourse_master`
--

INSERT INTO `maincourse_master` (`courseid`, `coursename`) VALUES
(1, 'Engineering'),
(2, 'Arts and Science'),
(3, 'Law'),
(4, 'Medical'),
(5, 'Others');

-- --------------------------------------------------------

--
-- Table structure for table `ossn_addons`
--

CREATE TABLE `ossn_addons` (
  `id` bigint(20) NOT NULL,
  `name` varchar(20) NOT NULL,
  `order` bigint(20) NOT NULL,
  `active` int(1) NOT NULL,
  `settings` text NOT NULL
) ENGINE=MyISAM DEFAULT CHARSET=utf8;

-- --------------------------------------------------------

--
-- Table structure for table `ossn_annotations`
--

CREATE TABLE `ossn_annotations` (
  `id` bigint(20) NOT NULL,
  `owner_guid` bigint(20) NOT NULL,
  `subject_guid` bigint(20) NOT NULL,
  `type` varchar(20) NOT NULL,
  `time_created` int(11) NOT NULL
) ENGINE=MyISAM DEFAULT CHARSET=utf8;

--
-- Dumping data for table `ossn_annotations`
--

INSERT INTO `ossn_annotations` (`id`, `owner_guid`, `subject_guid`, `type`, `time_created`) VALUES
(1, 1, 3, 'comments:post', 1501237827),
(2, 3, 3, 'comments:post', 1501680862),
(3, 3, 418, 'comments:entity', 1505134462);

-- --------------------------------------------------------

--
-- Table structure for table `ossn_components`
--

CREATE TABLE `ossn_components` (
  `id` bigint(20) NOT NULL,
  `com_id` varchar(20) NOT NULL,
  `active` int(1) NOT NULL
) ENGINE=MyISAM DEFAULT CHARSET=utf8;

--
-- Dumping data for table `ossn_components`
--

INSERT INTO `ossn_components` (`id`, `com_id`, `active`) VALUES
(1, 'OssnProfile', 1),
(2, 'OssnWall', 1),
(3, 'OssnComments', 1),
(4, 'OssnLikes', 1),
(5, 'OssnPhotos', 1),
(6, 'OssnNotifications', 1),
(7, 'OssnSearch', 1),
(8, 'OssnMessages', 1),
(9, 'OssnAds', 1),
(10, 'OssnGroups', 1),
(11, 'OssnSitePages', 1),
(12, 'OssnBlock', 1),
(13, 'OssnChat', 1),
(14, 'OssnPoke', 1),
(15, 'OssnInvite', 1),
(16, 'OssnEmbed', 1),
(17, 'OssnSmilies', 1),
(18, 'OssnAdvanceSearch', 1),
(19, 'OssnShare', 0),
(20, 'fancybox', 1),
(21, 'Tetris', 0),
(22, 'Love', 0),
(23, 'login_redirect', 0),
(24, 'google_analytics', 0),
(25, 'footer-links', 0),
(26, 'Stats', 0),
(30, 'SearchSidebar', 0),
(27, 'aboutuser', 0),
(28, 'bio', 0),
(29, 'Metatags', 1),
(31, 'HomeTools', 1);

-- --------------------------------------------------------

--
-- Table structure for table `ossn_entities`
--

CREATE TABLE `ossn_entities` (
  `guid` bigint(20) NOT NULL,
  `owner_guid` bigint(20) NOT NULL,
  `type` text NOT NULL,
  `subtype` text NOT NULL,
  `time_created` int(11) NOT NULL,
  `time_updated` int(11) DEFAULT NULL,
  `permission` int(1) NOT NULL,
  `active` int(1) NOT NULL
) ENGINE=MyISAM DEFAULT CHARSET=utf8;

--
-- Dumping data for table `ossn_entities`
--

INSERT INTO `ossn_entities` (`guid`, `owner_guid`, `type`, `subtype`, `time_created`, `time_updated`, `permission`, `active`) VALUES
(1, 1, 'user', 'birthdate', 1498822362, 1513177681, 2, 1),
(2, 1, 'user', 'gender', 1498822362, 1513177681, 2, 1),
(3, 1, 'user', 'cover_time', 1498822560, 1501751336, 2, 1),
(4, 1, 'object', 'poster_guid', 1498905871, 0, 2, 1),
(5, 1, 'object', 'access', 1498905871, 0, 2, 1),
(6, 1, 'object', 'file:wallphoto', 1498905871, 0, 2, 1),
(605, 93, 'object', 'poster_guid', 1543386071, 0, 2, 1),
(604, 95, 'user', 'cover_time', 1543384849, 0, 2, 1),
(10, 3, 'user', 'birthdate', 1499064790, 1513227805, 2, 1),
(11, 3, 'user', 'gender', 1499064790, 1513227805, 2, 1),
(12, 4, 'user', 'birthdate', 1499065285, 0, 2, 1),
(13, 4, 'user', 'gender', 1499065285, 0, 2, 1),
(14, 5, 'user', 'birthdate', 1499069374, 1500999063, 2, 1),
(15, 5, 'user', 'gender', 1499069374, 1500999063, 2, 1),
(602, 92, 'object', 'poster_guid', 1536074313, 0, 2, 1),
(18, 7, 'user', 'birthdate', 1499077668, 1501582157, 2, 1),
(19, 7, 'user', 'gender', 1499077668, 1501582157, 2, 1),
(20, 8, 'user', 'birthdate', 1499078547, 1513177941, 2, 1),
(21, 8, 'user', 'gender', 1499078547, 1513177941, 2, 1),
(22, 9, 'user', 'birthdate', 1499080791, 0, 2, 1),
(23, 9, 'user', 'gender', 1499080791, 0, 2, 1),
(24, 10, 'user', 'birthdate', 1499081475, 0, 2, 1),
(25, 10, 'user', 'gender', 1499081475, 0, 2, 1),
(26, 10, 'user', 'cover_time', 1499081557, 0, 2, 1),
(35, 2, 'object', 'item_type', 1499350759, 0, 2, 1),
(29, 1, 'user', 'language', 1499082474, 1513177681, 2, 1),
(34, 3, 'user', 'file:profile:cover', 1499350758, 0, 2, 1),
(33, 3, 'user', 'cover_time', 1499239548, 1517310351, 2, 1),
(603, 92, 'object', 'access', 1536074313, 0, 2, 1),
(36, 2, 'object', 'item_guid', 1499350759, 0, 2, 1),
(37, 2, 'object', 'poster_guid', 1499350759, 0, 2, 1),
(38, 2, 'object', 'access', 1499350759, 0, 2, 1),
(39, 12, 'user', 'birthdate', 1499419038, 0, 2, 1),
(40, 12, 'user', 'gender', 1499419038, 0, 2, 1),
(599, 90, 'object', 'access', 1536074243, 0, 2, 1),
(44, 14, 'user', 'birthdate', 1499422862, 0, 2, 1),
(45, 14, 'user', 'gender', 1499422862, 0, 2, 1),
(46, 14, 'user', 'cover_time', 1499423020, 0, 2, 1),
(47, 15, 'user', 'birthdate', 1499424720, 0, 2, 1),
(48, 15, 'user', 'gender', 1499424720, 0, 2, 1),
(49, 15, 'user', 'cover_time', 1499424779, 0, 2, 1),
(50, 3, 'user', 'language', 1499426173, 1513227805, 2, 1),
(51, 16, 'user', 'birthdate', 1499426844, 1499430521, 2, 1),
(52, 16, 'user', 'gender', 1499426844, 1499430521, 2, 1),
(53, 16, 'user', 'cover_time', 1499426879, 0, 2, 1),
(54, 16, 'user', 'language', 1499426953, 1499430521, 2, 1),
(598, 90, 'object', 'poster_guid', 1536074243, 0, 2, 1),
(595, 96, 'user', 'gender', 1536068874, 1536069621, 2, 1),
(596, 96, 'user', 'cover_time', 1536068938, 0, 2, 1),
(593, 95, 'user', 'gender', 1536068563, 0, 2, 1),
(60, 23, 'user', 'cover_time', 1499861366, 0, 2, 1),
(61, 26, 'user', 'cover_time', 1499945074, 0, 2, 1),
(62, 25, 'user', 'cover_time', 1500027677, 0, 2, 1),
(63, 25, 'user', 'birthdate', 1500027766, 0, 2, 1),
(64, 25, 'user', 'gender', 1500027766, 0, 2, 1),
(65, 25, 'user', 'language', 1500027766, 0, 2, 1),
(66, 28, 'user', 'cover_time', 1500031429, 0, 2, 1),
(67, 28, 'user', 'birthdate', 1500032071, 1500037555, 2, 1),
(68, 28, 'user', 'gender', 1500032071, 1500037555, 2, 1),
(69, 28, 'user', 'language', 1500032071, 1500037555, 2, 1),
(70, 29, 'user', 'cover_time', 1500042202, 0, 2, 1),
(71, 29, 'user', 'birthdate', 1500042932, 1500101704, 2, 1),
(72, 29, 'user', 'gender', 1500042932, 1500101704, 2, 1),
(73, 29, 'user', 'language', 1500042932, 1500101704, 2, 1),
(592, 95, 'user', 'birthdate', 1536068563, 0, 2, 1),
(589, 94, 'user', 'gender', 1533118839, 0, 2, 1),
(588, 94, 'user', 'birthdate', 1533118839, 0, 2, 1),
(168, 45, 'user', 'birthdate', 1502443962, 1502444321, 2, 1),
(167, 26, 'object', 'access', 1502443885, 0, 2, 1),
(166, 26, 'object', 'poster_guid', 1502443885, 0, 2, 1),
(165, 26, 'object', 'item_guid', 1502443885, 0, 2, 1),
(164, 26, 'object', 'item_type', 1502443885, 0, 2, 1),
(163, 44, 'user', 'file:profile:cover', 1502443883, 0, 2, 1),
(162, 25, 'object', 'access', 1502443863, 0, 2, 1),
(161, 25, 'object', 'poster_guid', 1502443863, 0, 2, 1),
(160, 25, 'object', 'item_guid', 1502443863, 0, 2, 1),
(94, 4, 'user', 'cover_time', 1500357341, 0, 2, 1),
(601, 91, 'object', 'access', 1536074269, 0, 2, 1),
(600, 91, 'object', 'poster_guid', 1536074269, 0, 2, 1),
(97, 7, 'user', 'cover_time', 1500465872, 0, 2, 1),
(98, 5, 'user', 'cover_time', 1500987105, 0, 2, 1),
(99, 5, 'user', 'language', 1500996694, 1500999063, 2, 1),
(100, 23, 'component', 'url', 1501076503, 0, 2, 1),
(101, 3, 'object', 'poster_guid', 1501237755, 0, 2, 1),
(102, 3, 'object', 'access', 1501237755, 0, 2, 1),
(103, 1, 'annotation', 'comments:post', 1501237827, 0, 2, 1),
(104, 4, 'object', 'membership', 1501246821, 0, 2, 1),
(105, 5, 'object', 'membership', 1501250424, 0, 2, 1),
(106, 6, 'object', 'membership', 1501250511, 0, 2, 1),
(107, 7, 'object', 'membership', 1501250566, 0, 2, 1),
(108, 8, 'object', 'membership', 1501496622, 0, 2, 1),
(109, 9, 'object', 'membership', 1501496788, 0, 2, 1),
(110, 7, 'user', 'language', 1501582140, 1501582157, 2, 1),
(159, 25, 'object', 'item_type', 1502443863, 0, 2, 1),
(113, 3, 'user', 'file:profile:photo', 1501678940, 0, 2, 1),
(114, 3, 'user', 'icon_time', 1501678940, 1517310335, 2, 1),
(115, 10, 'object', 'item_type', 1501678940, 0, 2, 1),
(116, 10, 'object', 'item_guid', 1501678940, 0, 2, 1),
(117, 10, 'object', 'poster_guid', 1501678940, 0, 2, 1),
(118, 10, 'object', 'access', 1501678940, 0, 2, 1),
(158, 44, 'user', 'icon_time', 1502443863, 1502534474, 2, 1),
(156, 44, 'user', 'language', 1502443850, 1502537774, 2, 1),
(155, 44, 'user', 'cover_time', 1502443625, 1502443885, 2, 1),
(154, 44, 'user', 'gender', 1502443276, 1502537774, 2, 1),
(153, 44, 'user', 'birthdate', 1502443276, 1502537774, 2, 1),
(125, 15, 'object', 'membership', 1501680612, 0, 2, 1),
(126, 4, 'object', 'file:cover', 1501680766, 0, 2, 1),
(127, 2, 'annotation', 'comments:post', 1501680862, 0, 2, 1),
(128, 2, 'annotation', 'file:comment:photo', 1501680862, 0, 2, 1),
(129, 16, 'object', 'poster_guid', 1501680961, 0, 2, 1),
(130, 16, 'object', 'access', 1501680961, 0, 2, 1),
(131, 9, 'user', 'cover_time', 1501681367, 0, 2, 1),
(132, 42, 'user', 'birthdate', 1501681820, 1501682564, 2, 1),
(133, 42, 'user', 'gender', 1501681820, 1501682564, 2, 1),
(134, 42, 'user', 'cover_time', 1501681970, 0, 2, 1),
(135, 42, 'user', 'language', 1501682564, 0, 2, 1),
(171, 45, 'user', 'file:profile:photo', 1502444021, 0, 2, 1),
(170, 45, 'user', 'cover_time', 1502444007, 1502444029, 2, 1),
(169, 45, 'user', 'gender', 1502443962, 1502444321, 2, 1),
(157, 44, 'user', 'file:profile:photo', 1502443863, 0, 2, 1),
(141, 1, 'user', 'file:profile:cover', 1501751336, 0, 2, 1),
(142, 17, 'object', 'item_type', 1501751336, 0, 2, 1),
(143, 17, 'object', 'item_guid', 1501751336, 0, 2, 1),
(144, 17, 'object', 'poster_guid', 1501751336, 0, 2, 1),
(145, 17, 'object', 'access', 1501751336, 0, 2, 1),
(146, 1, 'user', 'cover_position', 1501751352, 1501754742, 2, 1),
(147, 18, 'object', 'membership', 1501751377, 0, 2, 1),
(148, 19, 'object', 'membership', 1501751468, 0, 2, 1),
(149, 20, 'object', 'membership', 1501754216, 0, 2, 1),
(150, 21, 'object', 'membership', 1501754376, 0, 2, 1),
(151, 22, 'object', 'membership', 1501754761, 0, 2, 1),
(152, 23, 'object', 'membership', 1501754781, 0, 2, 1),
(172, 45, 'user', 'icon_time', 1502444021, 1502444148, 2, 1),
(173, 27, 'object', 'item_type', 1502444021, 0, 2, 1),
(174, 27, 'object', 'item_guid', 1502444021, 0, 2, 1),
(175, 27, 'object', 'poster_guid', 1502444021, 0, 2, 1),
(176, 27, 'object', 'access', 1502444021, 0, 2, 1),
(177, 45, 'user', 'file:profile:cover', 1502444029, 0, 2, 1),
(178, 28, 'object', 'item_type', 1502444029, 0, 2, 1),
(179, 28, 'object', 'item_guid', 1502444029, 0, 2, 1),
(180, 28, 'object', 'poster_guid', 1502444029, 0, 2, 1),
(181, 28, 'object', 'access', 1502444029, 0, 2, 1),
(182, 45, 'user', 'file:profile:photo', 1502444148, 0, 2, 1),
(183, 29, 'object', 'item_type', 1502444148, 0, 2, 1),
(184, 29, 'object', 'item_guid', 1502444148, 0, 2, 1),
(185, 29, 'object', 'poster_guid', 1502444148, 0, 2, 1),
(186, 29, 'object', 'access', 1502444148, 0, 2, 1),
(187, 45, 'user', 'language', 1502444321, 0, 2, 1),
(188, 46, 'user', 'birthdate', 1502444495, 1502445094, 2, 1),
(189, 46, 'user', 'gender', 1502444495, 1502445094, 2, 1),
(190, 46, 'user', 'cover_time', 1502444554, 1502444688, 2, 1),
(191, 46, 'user', 'file:profile:photo', 1502444568, 0, 2, 1),
(192, 46, 'user', 'icon_time', 1502444568, 0, 2, 1),
(193, 30, 'object', 'item_type', 1502444568, 0, 2, 1),
(194, 30, 'object', 'item_guid', 1502444568, 0, 2, 1),
(195, 30, 'object', 'poster_guid', 1502444568, 0, 2, 1),
(196, 30, 'object', 'access', 1502444568, 0, 2, 1),
(197, 46, 'user', 'file:profile:cover', 1502444686, 0, 2, 1),
(198, 31, 'object', 'item_type', 1502444688, 0, 2, 1),
(199, 31, 'object', 'item_guid', 1502444688, 0, 2, 1),
(200, 31, 'object', 'poster_guid', 1502444688, 0, 2, 1),
(201, 31, 'object', 'access', 1502444688, 0, 2, 1),
(202, 46, 'user', 'language', 1502445094, 0, 2, 1),
(203, 47, 'user', 'birthdate', 1502445175, 1502445493, 2, 1),
(204, 47, 'user', 'gender', 1502445175, 1502445493, 2, 1),
(205, 47, 'user', 'cover_time', 1502445224, 1502445292, 2, 1),
(206, 47, 'user', 'file:profile:photo', 1502445240, 0, 2, 1),
(207, 47, 'user', 'icon_time', 1502445240, 0, 2, 1),
(208, 32, 'object', 'item_type', 1502445240, 0, 2, 1),
(209, 32, 'object', 'item_guid', 1502445240, 0, 2, 1),
(210, 32, 'object', 'poster_guid', 1502445240, 0, 2, 1),
(211, 32, 'object', 'access', 1502445240, 0, 2, 1),
(212, 47, 'user', 'file:profile:cover', 1502445292, 0, 2, 1),
(213, 33, 'object', 'item_type', 1502445292, 0, 2, 1),
(214, 33, 'object', 'item_guid', 1502445292, 0, 2, 1),
(215, 33, 'object', 'poster_guid', 1502445292, 0, 2, 1),
(216, 33, 'object', 'access', 1502445292, 0, 2, 1),
(217, 47, 'user', 'language', 1502445493, 0, 2, 1),
(218, 48, 'user', 'birthdate', 1502445735, 1502446016, 2, 1),
(219, 48, 'user', 'gender', 1502445735, 1502446016, 2, 1),
(220, 48, 'user', 'cover_time', 1502445787, 1502445837, 2, 1),
(221, 48, 'user', 'file:profile:photo', 1502445822, 0, 2, 1),
(222, 48, 'user', 'icon_time', 1502445822, 0, 2, 1),
(223, 34, 'object', 'item_type', 1502445822, 0, 2, 1),
(224, 34, 'object', 'item_guid', 1502445822, 0, 2, 1),
(225, 34, 'object', 'poster_guid', 1502445822, 0, 2, 1),
(226, 34, 'object', 'access', 1502445822, 0, 2, 1),
(227, 48, 'user', 'file:profile:cover', 1502445832, 0, 2, 1),
(228, 35, 'object', 'item_type', 1502445834, 0, 2, 1),
(229, 35, 'object', 'item_guid', 1502445834, 0, 2, 1),
(230, 35, 'object', 'poster_guid', 1502445834, 0, 2, 1),
(231, 35, 'object', 'access', 1502445834, 0, 2, 1),
(232, 48, 'user', 'file:profile:cover', 1502445836, 0, 2, 1),
(233, 36, 'object', 'item_type', 1502445837, 0, 2, 1),
(234, 36, 'object', 'item_guid', 1502445837, 0, 2, 1),
(235, 36, 'object', 'poster_guid', 1502445837, 0, 2, 1),
(236, 36, 'object', 'access', 1502445837, 0, 2, 1),
(237, 48, 'user', 'language', 1502446016, 0, 2, 1),
(238, 49, 'user', 'birthdate', 1502446153, 1502446428, 2, 1),
(239, 49, 'user', 'gender', 1502446153, 1502446428, 2, 1),
(240, 49, 'user', 'cover_time', 1502446225, 1502446253, 2, 1),
(241, 49, 'user', 'file:profile:photo', 1502446243, 0, 2, 1),
(242, 49, 'user', 'icon_time', 1502446243, 0, 2, 1),
(243, 37, 'object', 'item_type', 1502446243, 0, 2, 1),
(244, 37, 'object', 'item_guid', 1502446243, 0, 2, 1),
(245, 37, 'object', 'poster_guid', 1502446243, 0, 2, 1),
(246, 37, 'object', 'access', 1502446243, 0, 2, 1),
(247, 49, 'user', 'file:profile:cover', 1502446250, 0, 2, 1),
(248, 38, 'object', 'item_type', 1502446253, 0, 2, 1),
(249, 38, 'object', 'item_guid', 1502446253, 0, 2, 1),
(250, 38, 'object', 'poster_guid', 1502446253, 0, 2, 1),
(251, 38, 'object', 'access', 1502446253, 0, 2, 1),
(252, 49, 'user', 'language', 1502446428, 0, 2, 1),
(253, 50, 'user', 'birthdate', 1502446547, 1502518569, 2, 1),
(254, 50, 'user', 'gender', 1502446547, 1502518569, 2, 1),
(255, 50, 'user', 'cover_time', 1502446595, 1502446891, 2, 1),
(256, 50, 'user', 'file:profile:photo', 1502446621, 0, 2, 1),
(257, 50, 'user', 'icon_time', 1502446621, 1502446810, 2, 1),
(258, 39, 'object', 'item_type', 1502446621, 0, 2, 1),
(259, 39, 'object', 'item_guid', 1502446621, 0, 2, 1),
(260, 39, 'object', 'poster_guid', 1502446621, 0, 2, 1),
(261, 39, 'object', 'access', 1502446621, 0, 2, 1),
(262, 50, 'user', 'file:profile:photo', 1502446810, 0, 2, 1),
(263, 40, 'object', 'item_type', 1502446810, 0, 2, 1),
(264, 40, 'object', 'item_guid', 1502446810, 0, 2, 1),
(265, 40, 'object', 'poster_guid', 1502446810, 0, 2, 1),
(266, 40, 'object', 'access', 1502446810, 0, 2, 1),
(267, 50, 'user', 'file:profile:cover', 1502446890, 0, 2, 1),
(268, 41, 'object', 'item_type', 1502446891, 0, 2, 1),
(269, 41, 'object', 'item_guid', 1502446891, 0, 2, 1),
(270, 41, 'object', 'poster_guid', 1502446891, 0, 2, 1),
(271, 41, 'object', 'access', 1502446891, 0, 2, 1),
(272, 51, 'user', 'birthdate', 1502447105, 1502450620, 2, 1),
(273, 51, 'user', 'gender', 1502447105, 1502450620, 2, 1),
(274, 51, 'user', 'cover_time', 1502447177, 1502447216, 2, 1),
(275, 51, 'user', 'file:profile:photo', 1502447195, 0, 2, 1),
(276, 51, 'user', 'icon_time', 1502447195, 0, 2, 1),
(277, 42, 'object', 'item_type', 1502447195, 0, 2, 1),
(278, 42, 'object', 'item_guid', 1502447195, 0, 2, 1),
(279, 42, 'object', 'poster_guid', 1502447195, 0, 2, 1),
(280, 42, 'object', 'access', 1502447195, 0, 2, 1),
(281, 51, 'user', 'file:profile:cover', 1502447215, 0, 2, 1),
(282, 43, 'object', 'item_type', 1502447216, 0, 2, 1),
(283, 43, 'object', 'item_guid', 1502447216, 0, 2, 1),
(284, 43, 'object', 'poster_guid', 1502447216, 0, 2, 1),
(285, 43, 'object', 'access', 1502447216, 0, 2, 1),
(286, 51, 'user', 'language', 1502450620, 0, 2, 1),
(287, 52, 'user', 'birthdate', 1502462148, 1502462383, 2, 1),
(288, 52, 'user', 'gender', 1502462148, 1502462383, 2, 1),
(289, 52, 'user', 'cover_time', 1502462216, 0, 2, 1),
(290, 52, 'user', 'file:profile:photo', 1502462288, 0, 2, 1),
(291, 52, 'user', 'icon_time', 1502462288, 0, 2, 1),
(292, 44, 'object', 'item_type', 1502462288, 0, 2, 1),
(293, 44, 'object', 'item_guid', 1502462288, 0, 2, 1),
(294, 44, 'object', 'poster_guid', 1502462288, 0, 2, 1),
(295, 44, 'object', 'access', 1502462288, 0, 2, 1),
(296, 52, 'user', 'language', 1502462383, 0, 2, 1),
(297, 44, 'user', 'cover_position', 1502518273, 0, 2, 1),
(298, 50, 'user', 'language', 1502518569, 0, 2, 1),
(299, 45, 'object', 'membership', 1502526009, 0, 2, 1),
(300, 45, 'object', 'file:cover', 1502526135, 0, 2, 1),
(301, 45, 'object', 'cover', 1502526154, 0, 2, 1),
(302, 53, 'user', 'birthdate', 1502528677, 0, 2, 1),
(303, 53, 'user', 'gender', 1502528677, 0, 2, 1),
(304, 54, 'user', 'birthdate', 1502533809, 0, 2, 1),
(305, 54, 'user', 'gender', 1502533809, 0, 2, 1),
(306, 54, 'user', 'cover_time', 1502533908, 0, 2, 1),
(307, 44, 'user', 'file:profile:photo', 1502534473, 0, 2, 1),
(308, 46, 'object', 'item_type', 1502534474, 0, 2, 1),
(309, 46, 'object', 'item_guid', 1502534474, 0, 2, 1),
(310, 46, 'object', 'poster_guid', 1502534474, 0, 2, 1),
(311, 46, 'object', 'access', 1502534474, 0, 2, 1),
(312, 55, 'user', 'birthdate', 1502534571, 1502535217, 2, 1),
(313, 55, 'user', 'gender', 1502534571, 1502535217, 2, 1),
(314, 55, 'user', 'cover_time', 1502534679, 1502534863, 2, 1),
(315, 55, 'user', 'file:profile:photo', 1502534747, 0, 2, 1),
(316, 55, 'user', 'icon_time', 1502534747, 0, 2, 1),
(317, 47, 'object', 'item_type', 1502534747, 0, 2, 1),
(318, 47, 'object', 'item_guid', 1502534747, 0, 2, 1),
(319, 47, 'object', 'poster_guid', 1502534747, 0, 2, 1),
(320, 47, 'object', 'access', 1502534747, 0, 2, 1),
(321, 55, 'user', 'file:profile:cover', 1502534862, 0, 2, 1),
(322, 48, 'object', 'item_type', 1502534863, 0, 2, 1),
(323, 48, 'object', 'item_guid', 1502534863, 0, 2, 1),
(324, 48, 'object', 'poster_guid', 1502534863, 0, 2, 1),
(325, 48, 'object', 'access', 1502534863, 0, 2, 1),
(326, 55, 'user', 'language', 1502535165, 1502535217, 2, 1),
(327, 56, 'user', 'birthdate', 1502535408, 1502535639, 2, 1),
(328, 56, 'user', 'gender', 1502535408, 1502535639, 2, 1),
(329, 56, 'user', 'cover_time', 1502535452, 1502535488, 2, 1),
(330, 56, 'user', 'file:profile:photo', 1502535476, 0, 2, 1),
(331, 56, 'user', 'icon_time', 1502535476, 0, 2, 1),
(332, 49, 'object', 'item_type', 1502535476, 0, 2, 1),
(333, 49, 'object', 'item_guid', 1502535476, 0, 2, 1),
(334, 49, 'object', 'poster_guid', 1502535476, 0, 2, 1),
(335, 49, 'object', 'access', 1502535476, 0, 2, 1),
(336, 56, 'user', 'file:profile:cover', 1502535487, 0, 2, 1),
(337, 50, 'object', 'item_type', 1502535488, 0, 2, 1),
(338, 50, 'object', 'item_guid', 1502535488, 0, 2, 1),
(339, 50, 'object', 'poster_guid', 1502535488, 0, 2, 1),
(340, 50, 'object', 'access', 1502535488, 0, 2, 1),
(341, 56, 'user', 'cover_position', 1502535508, 0, 2, 1),
(342, 56, 'user', 'language', 1502535639, 0, 2, 1),
(343, 3, 'user', 'file:profile:photo', 1504767329, 0, 2, 1),
(344, 51, 'object', 'item_type', 1504767329, 0, 2, 1),
(345, 51, 'object', 'item_guid', 1504767329, 0, 2, 1),
(346, 51, 'object', 'poster_guid', 1504767329, 0, 2, 1),
(347, 51, 'object', 'access', 1504767329, 0, 2, 1),
(348, 57, 'user', 'birthdate', 1504850371, 0, 2, 1),
(349, 57, 'user', 'gender', 1504850371, 0, 2, 1),
(350, 52, 'object', 'membership', 1505107845, 1505107917, 2, 1),
(351, 52, 'object', 'file:cover', 1505108438, 0, 2, 1),
(352, 52, 'object', 'cover', 1505108455, 0, 2, 1),
(353, 53, 'object', 'membership', 1505108958, 0, 2, 1),
(354, 53, 'object', 'file:cover', 1505108993, 0, 2, 1),
(355, 53, 'object', 'cover', 1505109012, 0, 2, 1),
(356, 54, 'object', 'membership', 1505109217, 0, 2, 1),
(357, 54, 'object', 'file:cover', 1505109287, 0, 2, 1),
(358, 54, 'object', 'cover', 1505109305, 0, 2, 1),
(359, 55, 'object', 'membership', 1505109448, 0, 2, 1),
(360, 55, 'object', 'file:cover', 1505109599, 0, 2, 1),
(361, 55, 'object', 'cover', 1505109617, 1505109627, 2, 1),
(362, 58, 'user', 'birthdate', 1505110038, 1513178006, 2, 1),
(363, 58, 'user', 'gender', 1505110038, 1513178006, 2, 1),
(364, 58, 'user', 'cover_time', 1505110122, 0, 2, 1),
(365, 58, 'user', 'file:profile:photo', 1505110204, 0, 2, 1),
(366, 58, 'user', 'icon_time', 1505110205, 0, 2, 1),
(367, 56, 'object', 'item_type', 1505110205, 0, 2, 1),
(368, 56, 'object', 'item_guid', 1505110205, 0, 2, 1),
(369, 56, 'object', 'poster_guid', 1505110205, 0, 2, 1),
(370, 56, 'object', 'access', 1505110205, 0, 2, 1),
(371, 58, 'user', 'language', 1505115338, 1513178006, 2, 1),
(372, 59, 'user', 'birthdate', 1505117281, 1505120375, 2, 1),
(373, 59, 'user', 'gender', 1505117281, 1505120375, 2, 1),
(374, 59, 'user', 'cover_time', 1505117330, 1505120223, 2, 1),
(375, 59, 'user', 'file:profile:photo', 1505120196, 0, 2, 1),
(376, 59, 'user', 'icon_time', 1505120197, 0, 2, 1),
(377, 57, 'object', 'item_type', 1505120197, 0, 2, 1),
(378, 57, 'object', 'item_guid', 1505120197, 0, 2, 1),
(379, 57, 'object', 'poster_guid', 1505120197, 0, 2, 1),
(380, 57, 'object', 'access', 1505120197, 0, 2, 1),
(381, 59, 'user', 'file:profile:cover', 1505120223, 0, 2, 1),
(382, 58, 'object', 'item_type', 1505120223, 0, 2, 1),
(383, 58, 'object', 'item_guid', 1505120223, 0, 2, 1),
(384, 58, 'object', 'poster_guid', 1505120223, 0, 2, 1),
(385, 58, 'object', 'access', 1505120223, 0, 2, 1),
(386, 59, 'user', 'cover_position', 1505120233, 0, 2, 1),
(387, 59, 'user', 'language', 1505120375, 0, 2, 1),
(388, 60, 'user', 'birthdate', 1505120513, 1505131138, 2, 1),
(389, 60, 'user', 'gender', 1505120513, 1505131138, 2, 1),
(390, 61, 'user', 'birthdate', 1505129868, 1505130548, 2, 1),
(391, 61, 'user', 'gender', 1505129868, 1505130548, 2, 1),
(392, 62, 'user', 'birthdate', 1505129912, 1505130604, 2, 1),
(393, 62, 'user', 'gender', 1505129912, 1505130604, 2, 1),
(394, 62, 'user', 'cover_time', 1505130037, 0, 2, 1),
(395, 61, 'user', 'cover_time', 1505130095, 1505130267, 2, 1),
(396, 61, 'user', 'file:profile:photo', 1505130137, 0, 2, 1),
(397, 61, 'user', 'icon_time', 1505130137, 0, 2, 1),
(398, 59, 'object', 'item_type', 1505130137, 0, 2, 1),
(399, 59, 'object', 'item_guid', 1505130137, 0, 2, 1),
(400, 59, 'object', 'poster_guid', 1505130137, 0, 2, 1),
(401, 59, 'object', 'access', 1505130137, 0, 2, 1),
(402, 62, 'user', 'language', 1505130247, 1505130604, 2, 1),
(403, 61, 'user', 'file:profile:cover', 1505130266, 0, 2, 1),
(404, 60, 'object', 'item_type', 1505130267, 0, 2, 1),
(405, 60, 'object', 'item_guid', 1505130267, 0, 2, 1),
(406, 60, 'object', 'poster_guid', 1505130267, 0, 2, 1),
(407, 60, 'object', 'access', 1505130267, 0, 2, 1),
(408, 61, 'user', 'cover_position', 1505130286, 0, 2, 1),
(409, 61, 'user', 'language', 1505130548, 0, 2, 1),
(410, 62, 'user', 'file:profile:photo', 1505130656, 0, 2, 1),
(411, 62, 'user', 'icon_time', 1505130656, 0, 2, 1),
(412, 61, 'object', 'item_type', 1505130656, 0, 2, 1),
(413, 61, 'object', 'item_guid', 1505130656, 0, 2, 1),
(414, 61, 'object', 'poster_guid', 1505130656, 0, 2, 1),
(415, 61, 'object', 'access', 1505130656, 0, 2, 1),
(416, 60, 'user', 'cover_time', 1505130726, 1505131579, 2, 1),
(417, 60, 'user', 'language', 1505131138, 0, 2, 1),
(418, 60, 'user', 'file:profile:photo', 1505131430, 0, 2, 1),
(419, 60, 'user', 'icon_time', 1505131430, 0, 2, 1),
(420, 62, 'object', 'item_type', 1505131430, 0, 2, 1),
(421, 62, 'object', 'item_guid', 1505131430, 0, 2, 1),
(422, 62, 'object', 'poster_guid', 1505131430, 0, 2, 1),
(423, 62, 'object', 'access', 1505131430, 0, 2, 1),
(424, 60, 'user', 'file:profile:cover', 1505131579, 0, 2, 1),
(455, 72, 'object', 'poster_guid', 1505396163, 0, 2, 1),
(456, 72, 'object', 'access', 1505396163, 0, 2, 1),
(429, 60, 'user', 'cover_position', 1505131609, 0, 2, 1),
(446, 67, 'object', 'access', 1505197322, 0, 2, 1),
(445, 67, 'object', 'poster_guid', 1505197322, 0, 2, 1),
(433, 3, 'annotation', 'comments:entity', 1505134462, 0, 2, 1),
(435, 54, 'user', 'file:profile:photo', 1505134722, 0, 2, 1),
(436, 54, 'user', 'icon_time', 1505134722, 0, 2, 1),
(465, 75, 'object', 'file:wallvideo', 1507292159, 0, 2, 1),
(463, 75, 'object', 'poster_guid', 1507292159, 0, 2, 1),
(464, 75, 'object', 'access', 1507292159, 0, 2, 1),
(441, 8, 'user', 'cover_time', 1505134772, 0, 2, 1),
(462, 74, 'object', 'file:wallvideo', 1507292107, 0, 2, 1),
(461, 74, 'object', 'access', 1507292107, 0, 2, 1),
(460, 74, 'object', 'poster_guid', 1507292107, 0, 2, 1),
(466, 76, 'object', 'poster_guid', 1507292364, 0, 2, 1),
(467, 76, 'object', 'access', 1507292364, 0, 2, 1),
(468, 63, 'user', 'birthdate', 1513147881, 1513148186, 2, 1),
(469, 63, 'user', 'gender', 1513147881, 1513148186, 2, 1),
(470, 63, 'user', 'cover_time', 1513147991, 0, 2, 1),
(471, 64, 'user', 'birthdate', 1513148042, 1513227428, 2, 1),
(472, 64, 'user', 'gender', 1513148042, 1513227428, 2, 1),
(473, 64, 'user', 'cover_time', 1513148124, 0, 2, 1),
(474, 63, 'user', 'language', 1513148186, 0, 2, 1),
(475, 63, 'user', 'file:profile:photo', 1513148214, 0, 2, 1),
(476, 63, 'user', 'icon_time', 1513148214, 0, 2, 1),
(497, 3, 'user', 'file:profile:cover', 1517307641, 0, 2, 1),
(492, 3, 'user', 'file:profile:photo', 1517307626, 0, 2, 1),
(524, 68, 'user', 'birthdate', 1519384566, 1524463370, 2, 1),
(481, 64, 'user', 'language', 1513148556, 1513227428, 2, 1),
(482, 8, 'user', 'language', 1513177818, 1513177941, 2, 1),
(523, 67, 'user', 'gender', 1519020994, 0, 2, 1),
(522, 67, 'user', 'birthdate', 1519020994, 0, 2, 1),
(623, 101, 'user', 'cover_time', 1543559478, 0, 2, 1),
(508, 3, 'user', 'file:profile:photo', 1517310335, 0, 2, 1),
(622, 101, 'user', 'gender', 1543559445, 0, 2, 1),
(519, 65, 'user', 'gender', 1518837478, 0, 2, 1),
(518, 65, 'user', 'birthdate', 1518837478, 0, 2, 1),
(513, 3, 'user', 'file:profile:cover', 1517310351, 0, 2, 1),
(528, 69, 'user', 'gender', 1519461337, 0, 2, 1),
(527, 69, 'user', 'birthdate', 1519461337, 0, 2, 1),
(526, 68, 'user', 'cover_time', 1519384701, 0, 2, 1),
(525, 68, 'user', 'gender', 1519384566, 1524463370, 2, 1),
(529, 69, 'user', 'cover_time', 1519477652, 0, 2, 1),
(530, 70, 'user', 'birthdate', 1520593488, 0, 2, 1),
(531, 70, 'user', 'gender', 1520593488, 0, 2, 1),
(532, 68, 'user', 'language', 1520594905, 1524463370, 2, 1),
(534, 87, 'object', 'membership', 1523528430, 0, 2, 1),
(535, 88, 'object', 'poster_guid', 1524464863, 0, 2, 1),
(536, 88, 'object', 'access', 1524464863, 0, 2, 1),
(537, 65, 'user', 'login:reset:code', 1525351707, 0, 2, 1),
(597, 96, 'user', 'language', 1536069621, 0, 2, 1),
(594, 96, 'user', 'birthdate', 1536068874, 1536069621, 2, 1),
(606, 93, 'object', 'access', 1543386071, 0, 2, 1),
(607, 97, 'user', 'birthdate', 1543387556, 0, 2, 1),
(608, 97, 'user', 'gender', 1543387556, 0, 2, 1),
(609, 97, 'user', 'cover_time', 1543387620, 0, 2, 1),
(611, 98, 'user', 'birthdate', 1543457612, 0, 2, 1),
(612, 98, 'user', 'gender', 1543457612, 0, 2, 1),
(613, 99, 'user', 'birthdate', 1543460696, 0, 2, 1),
(614, 99, 'user', 'gender', 1543460696, 0, 2, 1),
(615, 100, 'user', 'birthdate', 1543460887, 0, 2, 1),
(616, 100, 'user', 'gender', 1543460887, 0, 2, 1),
(617, 100, 'user', 'cover_time', 1543460979, 0, 2, 1),
(618, 99, 'user', 'cover_time', 1543556404, 0, 2, 1),
(621, 101, 'user', 'birthdate', 1543559445, 0, 2, 1);

-- --------------------------------------------------------

--
-- Table structure for table `ossn_entities_metadata`
--

CREATE TABLE `ossn_entities_metadata` (
  `id` bigint(20) NOT NULL,
  `guid` bigint(20) NOT NULL,
  `value` longtext NOT NULL
) ENGINE=MyISAM DEFAULT CHARSET=utf8;

--
-- Dumping data for table `ossn_entities_metadata`
--

INSERT INTO `ossn_entities_metadata` (`id`, `guid`, `value`) VALUES
(1, 1, '15/04/1991'),
(2, 2, 'male'),
(3, 3, '1501751336'),
(4, 4, '1'),
(5, 5, '2'),
(6, 6, 'ossnwall/images/ce9a7dc2ae573bdb87fd4cf14ec1140f.jpg'),
(606, 606, '2'),
(605, 605, '1'),
(604, 604, '1543384849'),
(10, 10, '14/02/1991'),
(11, 11, 'male'),
(12, 12, '01/09/1992'),
(13, 13, 'male'),
(14, 14, '13/12/1991'),
(15, 15, 'male'),
(602, 602, '26'),
(601, 601, '2'),
(18, 18, '11/01/1995'),
(19, 19, 'male'),
(20, 20, '24/04/1990'),
(21, 21, 'male'),
(22, 22, '21/12/1994'),
(23, 23, 'female'),
(24, 24, '14/03/1977'),
(25, 25, 'female'),
(26, 26, '1499081557'),
(34, 34, 'profile/cover/0c0bb52cce4da2c444f2d4c3d5a778a1.jpg'),
(29, 29, 'en'),
(33, 33, '1517310351'),
(603, 603, '2'),
(35, 35, 'cover:photo'),
(36, 36, '34'),
(37, 37, '3'),
(38, 38, '2'),
(39, 39, '15/04/1991'),
(40, 40, 'male'),
(598, 598, '26'),
(597, 597, 'en'),
(44, 44, '11/07/2017'),
(45, 45, 'male'),
(46, 46, '1499423020'),
(47, 47, '21/07/2017'),
(48, 48, 'male'),
(49, 49, '1499424779'),
(50, 50, 'en'),
(51, 51, '14/11/1991'),
(52, 52, 'male'),
(53, 53, '1499426879'),
(54, 54, 'en'),
(596, 596, '1536068938'),
(595, 595, 'male'),
(594, 594, '01/09/1992'),
(593, 593, ''),
(60, 60, '1499861366'),
(61, 61, '1499945074'),
(62, 62, '1500027677'),
(63, 63, '13/07/2017'),
(64, 64, 'male'),
(65, 65, 'en'),
(66, 66, '1500031429'),
(67, 67, '19/07/2017'),
(68, 68, 'female'),
(69, 69, 'en'),
(70, 70, '1500042202'),
(71, 71, '04/07/2017'),
(72, 72, 'male'),
(73, 73, 'en'),
(589, 589, ''),
(588, 588, ''),
(163, 163, 'profile/cover/d3d0d948555558c80e43bda5e4189f26.jpg'),
(162, 162, '2'),
(161, 161, '44'),
(160, 160, '157'),
(159, 159, 'profile:photo'),
(158, 158, '1502534474'),
(94, 94, '1500357341'),
(600, 600, '26'),
(599, 599, '3'),
(97, 97, '1500465872'),
(98, 98, '1500987105'),
(99, 99, 'en'),
(100, 100, 'http://localhost/SocialNetwork/u/[USERNAME]/edit'),
(101, 101, '1'),
(102, 102, '2'),
(103, 103, 'nice'),
(104, 104, '2'),
(105, 105, '2'),
(106, 106, '2'),
(107, 107, '2'),
(108, 108, '2'),
(109, 109, '2'),
(110, 110, 'en'),
(157, 157, 'profile/photo/e7465459ca0bf4a066a0cfbcc10d01fe.jpg'),
(113, 113, 'profile/photo/807bb42d2cd66cbe97ef4d9388e941a0.jpg'),
(114, 114, '1517310335'),
(115, 115, 'profile:photo'),
(116, 116, '113'),
(117, 117, '3'),
(118, 118, '2'),
(156, 156, 'en'),
(155, 155, '1502443885'),
(154, 154, 'female'),
(153, 153, '07/08/1996'),
(125, 125, '2'),
(126, 126, 'cover/27da8f2f6450d5f783ea7bfcf35fb095.jpg'),
(127, 127, ''),
(128, 128, 'comment/photo/d99ca1cad23ca792c7d66677a200b129.jpg'),
(129, 129, '3'),
(130, 130, '2'),
(131, 131, '1501681367'),
(132, 132, '12/02/1997'),
(133, 133, 'male'),
(134, 134, '1501681970'),
(135, 135, 'en'),
(164, 164, 'cover:photo'),
(141, 141, 'profile/cover/4298a21cbba2adfd967df5b28ac59e27.jpg'),
(142, 142, 'cover:photo'),
(143, 143, '141'),
(144, 144, '1'),
(145, 145, '2'),
(146, 146, '[\"-136px\",\"0px\"]'),
(147, 147, '2'),
(148, 148, '2'),
(149, 149, '2'),
(150, 150, '2'),
(151, 151, '2'),
(152, 152, '2'),
(165, 165, '163'),
(166, 166, '44'),
(167, 167, '2'),
(168, 168, '08/01/1997'),
(169, 169, 'male'),
(170, 170, '1502444029'),
(171, 171, 'profile/photo/33577566083c96730e2b1dd374920d84.jpg'),
(172, 172, '1502444148'),
(173, 173, 'profile:photo'),
(174, 174, '171'),
(175, 175, '45'),
(176, 176, '2'),
(177, 177, 'profile/cover/c1d740a05963d72e16e82c5037aede35.jpg'),
(178, 178, 'cover:photo'),
(179, 179, '177'),
(180, 180, '45'),
(181, 181, '2'),
(182, 182, 'profile/photo/c111604be0a97c204fa315d0b1fe795d.jpg'),
(183, 183, 'profile:photo'),
(184, 184, '182'),
(185, 185, '45'),
(186, 186, '2'),
(187, 187, 'en'),
(188, 188, '08/08/1995'),
(189, 189, 'female'),
(190, 190, '1502444688'),
(191, 191, 'profile/photo/e2a8f639e33ff3a1651402d9bfba68ee.jpg'),
(192, 192, '1502444568'),
(193, 193, 'profile:photo'),
(194, 194, '191'),
(195, 195, '46'),
(196, 196, '2'),
(197, 197, 'profile/cover/d763383ce0800f188ce1b27292ab5981.jpg'),
(198, 198, 'cover:photo'),
(199, 199, '197'),
(200, 200, '46'),
(201, 201, '2'),
(202, 202, 'en'),
(203, 203, '08/03/1994'),
(204, 204, 'female'),
(205, 205, '1502445292'),
(206, 206, 'profile/photo/f10d886f5d6c9fb0c02556caea6195be.jpg'),
(207, 207, '1502445240'),
(208, 208, 'profile:photo'),
(209, 209, '206'),
(210, 210, '47'),
(211, 211, '2'),
(212, 212, 'profile/cover/8d44f34709cf3d3a2a7abbb51efa3dc9.jpg'),
(213, 213, 'cover:photo'),
(214, 214, '212'),
(215, 215, '47'),
(216, 216, '2'),
(217, 217, 'en'),
(218, 218, '14/01/1997'),
(219, 219, 'male'),
(220, 220, '1502445837'),
(221, 221, 'profile/photo/eb060ba15d82283fb4bd73e853339cc5.jpg'),
(222, 222, '1502445822'),
(223, 223, 'profile:photo'),
(224, 224, '221'),
(225, 225, '48'),
(226, 226, '2'),
(227, 227, 'profile/cover/6e34d32c6e5fb67cd44f4d550aeab5ad.jpg'),
(228, 228, 'cover:photo'),
(229, 229, '227'),
(230, 230, '48'),
(231, 231, '2'),
(232, 232, 'profile/cover/c647c976d1ef4da484f6af4032d70d30.jpg'),
(233, 233, 'cover:photo'),
(234, 234, '232'),
(235, 235, '48'),
(236, 236, '2'),
(237, 237, 'en'),
(238, 238, '24/01/1995'),
(239, 239, 'female'),
(240, 240, '1502446253'),
(241, 241, 'profile/photo/2043141d590ea41295886cf857182153.jpg'),
(242, 242, '1502446243'),
(243, 243, 'profile:photo'),
(244, 244, '241'),
(245, 245, '49'),
(246, 246, '2'),
(247, 247, 'profile/cover/2d80bb02995fc368af0429bcdeff332c.jpg'),
(248, 248, 'cover:photo'),
(249, 249, '247'),
(250, 250, '49'),
(251, 251, '2'),
(252, 252, 'en'),
(253, 253, '05/03/2002'),
(254, 254, 'female'),
(255, 255, '1502446891'),
(256, 256, 'profile/photo/3495faa57bed8dd8109a26a557ecf7c2.jpg'),
(257, 257, '1502446810'),
(258, 258, 'profile:photo'),
(259, 259, '256'),
(260, 260, '50'),
(261, 261, '2'),
(262, 262, 'profile/photo/6c6be74c79a656f544a985f05b83c6a8.jpg'),
(263, 263, 'profile:photo'),
(264, 264, '262'),
(265, 265, '50'),
(266, 266, '2'),
(267, 267, 'profile/cover/4341f34597c57ea12027616af03a927c.jpg'),
(268, 268, 'cover:photo'),
(269, 269, '267'),
(270, 270, '50'),
(271, 271, '2'),
(272, 272, '26/11/1998'),
(273, 273, 'female'),
(274, 274, '1502447216'),
(275, 275, 'profile/photo/c8e93f9aa51f33ba5082fc4670a0e972.jpg'),
(276, 276, '1502447195'),
(277, 277, 'profile:photo'),
(278, 278, '275'),
(279, 279, '51'),
(280, 280, '2'),
(281, 281, 'profile/cover/1b1d85146c81b1c6a4000a2b8f7f74fc.jpg'),
(282, 282, 'cover:photo'),
(283, 283, '281'),
(284, 284, '51'),
(285, 285, '2'),
(286, 286, 'en'),
(287, 287, '17/08/2017'),
(288, 288, 'male'),
(289, 289, '1502462216'),
(290, 290, 'profile/photo/6b0bf89865779ee9957ee2fbf127173d.jpg'),
(291, 291, '1502462288'),
(292, 292, 'profile:photo'),
(293, 293, '290'),
(294, 294, '52'),
(295, 295, '2'),
(296, 296, 'en'),
(297, 297, '[\"-365px\",\"0px\"]'),
(298, 298, 'en'),
(299, 299, '2'),
(300, 300, 'cover/39839ca8b2d1f82ed09b54cc9cb03524.png'),
(301, 301, '[\"-127\",false]'),
(302, 302, ''),
(303, 303, ''),
(304, 304, ''),
(305, 305, ''),
(306, 306, '1502533908'),
(307, 307, 'profile/photo/d837061b5369d3c2c28272cb934f4ed6.png'),
(308, 308, 'profile:photo'),
(309, 309, '307'),
(310, 310, '44'),
(311, 311, '2'),
(312, 312, '09/05/2006'),
(313, 313, 'male'),
(314, 314, '1502534863'),
(315, 315, 'profile/photo/8748ec5be4e8771d1dbdb7d9b9f03c7e.jpg'),
(316, 316, '1502534747'),
(317, 317, 'profile:photo'),
(318, 318, '315'),
(319, 319, '55'),
(320, 320, '2'),
(321, 321, 'profile/cover/3bb93db88986ec3b1bbd4ea783ed0b6a.jpg'),
(322, 322, 'cover:photo'),
(323, 323, '321'),
(324, 324, '55'),
(325, 325, '2'),
(326, 326, 'en'),
(327, 327, '13/03/2000'),
(328, 328, 'female'),
(329, 329, '1502535488'),
(330, 330, 'profile/photo/2fc3d856a27507ef15261097d20c2df0.png'),
(331, 331, '1502535476'),
(332, 332, 'profile:photo'),
(333, 333, '330'),
(334, 334, '56'),
(335, 335, '2'),
(336, 336, 'profile/cover/b43e738cbbcb4b70ef8fbf9c4873c211.jpg'),
(337, 337, 'cover:photo'),
(338, 338, '336'),
(339, 339, '56'),
(340, 340, '2'),
(341, 341, '[\"-145px\",\"0px\"]'),
(342, 342, 'en'),
(343, 343, 'profile/photo/24d433b8837a13ad9fd1c8d970cdbf3d.jpg'),
(344, 344, 'profile:photo'),
(345, 345, '343'),
(346, 346, '3'),
(347, 347, '2'),
(348, 348, ''),
(349, 349, ''),
(350, 350, '2'),
(351, 351, 'cover/4d528f879b8166939b08016d850f4ebf.jpg'),
(352, 352, '[\"-341\",false]'),
(353, 353, '2'),
(354, 354, 'cover/7edbbdd0ad1d66f2bf74efaa36ca114d.jpg'),
(355, 355, '[\"-248\",false]'),
(356, 356, '2'),
(357, 357, 'cover/74c4595c40d83ba3866fdae4ce30145f.jpg'),
(358, 358, '[\"-36\",false]'),
(359, 359, '2'),
(360, 360, 'cover/dd8a0ea72d01581c3967286b64cc947a.png'),
(361, 361, '[false,false]'),
(362, 362, '04/09/2002'),
(363, 363, 'male'),
(364, 364, '1505110122'),
(365, 365, 'profile/photo/124a46c9ff7f2cafbe336a8138a2d612.jpg'),
(366, 366, '1505110205'),
(367, 367, 'profile:photo'),
(368, 368, '365'),
(369, 369, '58'),
(370, 370, '2'),
(371, 371, 'en'),
(372, 372, '03/09/1992'),
(373, 373, 'male'),
(374, 374, '1505120223'),
(375, 375, 'profile/photo/c87fdf9ce3dcf27f605c98311b458c6e.jpg'),
(376, 376, '1505120197'),
(377, 377, 'profile:photo'),
(378, 378, '375'),
(379, 379, '59'),
(380, 380, '2'),
(381, 381, 'profile/cover/39de53b7c528d1fb6ad75f753aed1ac1.jpg'),
(382, 382, 'cover:photo'),
(383, 383, '381'),
(384, 384, '59'),
(385, 385, '2'),
(386, 386, '[\"-224px\",\"0px\"]'),
(387, 387, 'en'),
(388, 388, '13/02/1990'),
(389, 389, 'female'),
(390, 390, '17/09/1985'),
(391, 391, 'male'),
(392, 392, '12/02/1997'),
(393, 393, 'male'),
(394, 394, '1505130037'),
(395, 395, '1505130267'),
(396, 396, 'profile/photo/fccd142d2cdb6ec457651e697678b8ea.png'),
(397, 397, '1505130137'),
(398, 398, 'profile:photo'),
(399, 399, '396'),
(400, 400, '61'),
(401, 401, '2'),
(402, 402, 'en'),
(403, 403, 'profile/cover/68e20ac6d4aab5f76827522df052f4dd.jpg'),
(404, 404, 'cover:photo'),
(405, 405, '403'),
(406, 406, '61'),
(407, 407, '2'),
(408, 408, '[\"-385px\",\"0px\"]'),
(409, 409, 'en'),
(410, 410, 'profile/photo/06366bdc8db32c7eac5737a697aec304.jpg'),
(411, 411, '1505130656'),
(412, 412, 'profile:photo'),
(413, 413, '410'),
(414, 414, '62'),
(415, 415, '2'),
(416, 416, '1505131579'),
(417, 417, 'en'),
(418, 418, 'profile/photo/b83f05528bd2a97a915335f1da266137.jpg'),
(419, 419, '1505131430'),
(420, 420, 'profile:photo'),
(421, 421, '418'),
(422, 422, '60'),
(423, 423, '2'),
(424, 424, 'profile/cover/c2e640aade34d23f7a9294b4258e9ff1.jpg'),
(456, 456, '2'),
(455, 455, '3'),
(429, 429, '[\"0px\",\"0px\"]'),
(462, 462, 'ossnwall/videos/600b48f1a2f4a2499c557fb7154d1550.mp4'),
(445, 445, '3'),
(446, 446, '2'),
(433, 433, 'nice'),
(435, 435, 'profile/photo/b310c64127036e48b4b1bd484dcaefcb.png'),
(436, 436, '1505134722'),
(465, 465, 'ossnwall/videos/7357f0c62fc7be3c8e3e0cad58f3d90d.mp4'),
(464, 464, '1'),
(463, 463, '1'),
(441, 441, '1505134772'),
(460, 460, '1'),
(461, 461, '2'),
(466, 466, '1'),
(467, 467, '2'),
(468, 468, '13/02/1991'),
(469, 469, 'male'),
(470, 470, '1513147991'),
(471, 471, '13/03/1985'),
(472, 472, 'male'),
(473, 473, '1513148124'),
(474, 474, 'en'),
(475, 475, 'profile/photo/25d8edc38facd51ca52654b94806a424.jpg'),
(476, 476, '1513148214'),
(522, 522, ''),
(508, 508, 'profile/photo/aab23723bed577279ac06b96f14d29a3.jpg'),
(492, 492, 'profile/photo/b04adcf39cb1029deaf187142f756d13.jpg'),
(481, 481, 'en'),
(482, 482, 'en'),
(497, 497, 'profile/cover/7798aa45d144416ad94e5c8d0254df8d.jpg'),
(623, 623, '1543559478'),
(518, 518, ''),
(519, 519, ''),
(622, 622, ''),
(526, 526, '1519384701'),
(523, 523, ''),
(524, 524, '01/03/2000'),
(525, 525, 'male'),
(513, 513, 'profile/cover/f9d26db92e4f9560cca419b7f0985754.jpg'),
(529, 529, '1519477652'),
(528, 528, ''),
(527, 527, ''),
(530, 530, ''),
(531, 531, ''),
(532, 532, 'en'),
(534, 534, '1'),
(535, 535, '68'),
(536, 536, '1'),
(537, 537, '6bdd4c76312b1c6a8d9eefef0e6f8686'),
(592, 592, ''),
(607, 607, ''),
(608, 608, ''),
(609, 609, '1543387620'),
(611, 611, ''),
(612, 612, ''),
(613, 613, ''),
(614, 614, ''),
(615, 615, ''),
(616, 616, ''),
(617, 617, '1543460979'),
(618, 618, '1543556404'),
(621, 621, '');

-- --------------------------------------------------------

--
-- Table structure for table `ossn_likes`
--

CREATE TABLE `ossn_likes` (
  `id` bigint(20) NOT NULL,
  `subject_id` bigint(20) NOT NULL,
  `guid` bigint(20) NOT NULL,
  `type` varchar(20) NOT NULL
) ENGINE=MyISAM DEFAULT CHARSET=utf8;

--
-- Dumping data for table `ossn_likes`
--

INSERT INTO `ossn_likes` (`id`, `subject_id`, `guid`, `type`) VALUES
(2, 3, 3, 'post'),
(4, 424, 3, 'entity');

-- --------------------------------------------------------

--
-- Table structure for table `ossn_messages`
--

CREATE TABLE `ossn_messages` (
  `id` bigint(20) NOT NULL,
  `message_from` bigint(20) NOT NULL,
  `message_to` bigint(20) NOT NULL,
  `message` text NOT NULL,
  `viewed` varchar(1) DEFAULT NULL,
  `time` int(11) NOT NULL
) ENGINE=MyISAM DEFAULT CHARSET=utf8;

--
-- Dumping data for table `ossn_messages`
--

INSERT INTO `ossn_messages` (`id`, `message_from`, `message_to`, `message`, `viewed`, `time`) VALUES
(1, 1, 3, 'hi kumaran', '1', 1499240157),
(2, 3, 1, 'hi sharp', '1', 1499240172),
(3, 42, 1, 'Hi', '1', 1501682155),
(4, 1, 42, 'hi', '1', 1501682178),
(5, 1, 3, 'hi sundu', '1', 1503140164),
(6, 1, 3, '8) 8) 8) 8)', '1', 1503140185),
(7, 3, 1, 'hi', '1', 1503140196),
(8, 1, 3, 'poda venna', '1', 1503140205),
(9, 1, 3, 'rtrtrt', '1', 1513577950),
(10, 3, 1, 'Hello\r\n', '1', 1535695544);

-- --------------------------------------------------------

--
-- Table structure for table `ossn_notifications`
--

CREATE TABLE `ossn_notifications` (
  `guid` bigint(20) NOT NULL,
  `type` text CHARACTER SET latin1 NOT NULL,
  `poster_guid` bigint(20) NOT NULL,
  `owner_guid` bigint(20) NOT NULL,
  `subject_guid` bigint(20) NOT NULL,
  `viewed` varchar(1) DEFAULT NULL,
  `time_created` int(11) NOT NULL,
  `item_guid` bigint(20) NOT NULL
) ENGINE=MyISAM DEFAULT CHARSET=utf8;

--
-- Dumping data for table `ossn_notifications`
--

INSERT INTO `ossn_notifications` (`guid`, `type`, `poster_guid`, `owner_guid`, `subject_guid`, `viewed`, `time_created`, `item_guid`) VALUES
(1, 'comments:post', 3, 1, 3, '', 1501680862, 2),
(2, 'like:post', 3, 1, 3, '', 1501680979, 3),
(3, 'group:joinrequest', 1, 3, 15, '', 1502096229, 0),
(4, 'like:entity:file:profile:cover', 3, 60, 424, NULL, 1505134450, 424),
(5, 'comments:entity:file:profile:photo', 3, 60, 418, NULL, 1505134462, 3),
(6, 'group:joinrequest', 68, 1, 53, '', 1524463914, 0);

-- --------------------------------------------------------

--
-- Table structure for table `ossn_object`
--

CREATE TABLE `ossn_object` (
  `guid` bigint(20) NOT NULL,
  `owner_guid` bigint(20) NOT NULL,
  `type` varchar(20) NOT NULL,
  `time_created` int(11) NOT NULL,
  `title` text NOT NULL,
  `description` longtext NOT NULL,
  `subtype` text NOT NULL,
  `category` varchar(255) NOT NULL
) ENGINE=MyISAM DEFAULT CHARSET=utf8;

--
-- Dumping data for table `ossn_object`
--

INSERT INTO `ossn_object` (`guid`, `owner_guid`, `type`, `time_created`, `title`, `description`, `subtype`, `category`) VALUES
(1, 1, 'user', 1498905871, '', '{\"post\":\"\"}', 'wall', ''),
(2, 3, 'user', 1499350759, '', '{\"post\":\"null:data\"}', 'wall', ''),
(3, 1, 'user', 1501237755, '', '{\"post\":\"hi\"}', 'wall', ''),
(4, 3, 'user', 1501246821, 'test group', '', 'ossngroup', ''),
(5, 1, 'user', 1501250424, 'test', '', 'ossngroup', ''),
(6, 1, 'user', 1501250511, 'student', '', 'ossngroup', ''),
(7, 1, 'user', 1501250566, 'pro', '', 'ossngroup', ''),
(8, 1, 'user', 1501496622, 'stu', 'Stu', 'ossngroup', 'Student'),
(9, 4, 'user', 1501496788, 'demo', 'demo', 'ossngroup', 'Professional'),
(10, 3, 'user', 1501678940, '', '{\"post\":\"null:data\"}', 'wall', ''),
(28, 45, 'user', 1502444029, '', '{\"post\":\"null:data\"}', 'wall', ''),
(27, 45, 'user', 1502444021, '', '{\"post\":\"null:data\"}', 'wall', ''),
(26, 44, 'user', 1502443885, '', '{\"post\":\"null:data\"}', 'wall', ''),
(25, 44, 'user', 1502443863, '', '{\"post\":\"null:data\"}', 'wall', ''),
(15, 3, 'user', 1501680612, 'Testgrup1', 'Testgrup1', 'ossngroup', 'Student'),
(16, 3, 'user', 1501680961, '', '{\"post\":\"Hai\",\"location\":\"Pazhavanthangal, Chennai, Tamil Nadu, India\"}', 'wall', ''),
(17, 1, 'user', 1501751336, '', '{\"post\":\"null:data\"}', 'wall', ''),
(18, 1, 'user', 1501751377, 'testing', 'testing', 'ossngroup', 'Student'),
(19, 1, 'user', 1501751468, 'test3', 'test3', 'ossngroup', 'Human Resource'),
(20, 1, 'user', 1501754216, 'sdfsdf', 'sdfsf', 'ossngroup', 'Human Resource'),
(21, 1, 'user', 1501754376, 'fgdg', 'dfgdfg', 'ossngroup', 'Student'),
(22, 1, 'user', 1501754761, 'dfgdfg', 'dfgdfg', 'ossngroup', 'Professional'),
(23, 1, 'user', 1501754781, 'sdf', 'sdfsdf', 'ossngroup', 'Student'),
(24, 1, 'site', 1502085045, '', '&amp;lt;p&amp;gt;&amp;amp;lt;html&amp;amp;gt;&amp;lt;/p&amp;gt;\r\n&amp;lt;p&amp;gt;&amp;amp;lt;head&amp;amp;gt; hello&amp;amp;lt;/head&amp;lt;/p&amp;gt;\r\n&amp;lt;p&amp;gt;&amp;amp;lt;body&amp;amp;gt;&amp;lt;/p&amp;gt;\r\n&amp;lt;p&amp;gt;&amp;amp;lt;p&amp;amp;gt;&amp;lt;strong style=&amp;quot;margin: 0px; padding: 0px; font-family: &amp;#039;Open Sans&amp;#039;, Arial, sans-serif; font-size: 14px; text-align: justify;&amp;quot;&amp;gt;Lorem Ipsum&amp;lt;/strong&amp;gt;&amp;lt;span style=&amp;quot;font-family: &amp;#039;Open Sans&amp;#039;, Arial, sans-serif; font-size: 14px; text-align: justify;&amp;quot;&amp;gt;&amp;amp;nbsp;is simply dummy text of the printing and typesetting industry. Lorem Ipsum has been the industry&amp;#039;s standard dummy text ever since the 1500s, when an unknown printer took a galley of type and scrambled it to make a type specimen book. It has survived not only five centuries, but also the leap into electronic typesetting, remaining essentially unchanged. It was popularised in the 1960s with the release of Letraset sheets containing Lorem Ipsum passages, and more recently with desktop publishing software like Aldus PageMaker including versions of Lorem Ipsum.&amp;amp;lt;/P&amp;amp;gt;&amp;lt;/span&amp;gt;&amp;lt;/p&amp;gt;\r\n&amp;lt;p&amp;gt;&amp;lt;span style=&amp;quot;font-family: &amp;#039;Open Sans&amp;#039;, Arial, sans-serif; font-size: 14px; text-align: justify;&amp;quot;&amp;gt;&amp;amp;lt;/body&amp;amp;gt;&amp;lt;/span&amp;gt;&amp;lt;/p&amp;gt;\r\n&amp;lt;p&amp;gt;&amp;lt;span style=&amp;quot;font-family: &amp;#039;Open Sans&amp;#039;, Arial, sans-serif; font-size: 14px; text-align: justify;&amp;quot;&amp;gt;&amp;amp;lt;/html&amp;amp;gt;&amp;lt;/span&amp;gt;&amp;lt;/p&amp;gt;', 'sitepage:about', ''),
(29, 45, 'user', 1502444148, '', '{\"post\":\"null:data\"}', 'wall', ''),
(30, 46, 'user', 1502444568, '', '{\"post\":\"null:data\"}', 'wall', ''),
(31, 46, 'user', 1502444688, '', '{\"post\":\"null:data\"}', 'wall', ''),
(32, 47, 'user', 1502445240, '', '{\"post\":\"null:data\"}', 'wall', ''),
(33, 47, 'user', 1502445292, '', '{\"post\":\"null:data\"}', 'wall', ''),
(34, 48, 'user', 1502445822, '', '{\"post\":\"null:data\"}', 'wall', ''),
(35, 48, 'user', 1502445834, '', '{\"post\":\"null:data\"}', 'wall', ''),
(36, 48, 'user', 1502445837, '', '{\"post\":\"null:data\"}', 'wall', ''),
(37, 49, 'user', 1502446243, '', '{\"post\":\"null:data\"}', 'wall', ''),
(38, 49, 'user', 1502446253, '', '{\"post\":\"null:data\"}', 'wall', ''),
(39, 50, 'user', 1502446621, '', '{\"post\":\"null:data\"}', 'wall', ''),
(40, 50, 'user', 1502446810, '', '{\"post\":\"null:data\"}', 'wall', ''),
(41, 50, 'user', 1502446891, '', '{\"post\":\"null:data\"}', 'wall', ''),
(42, 51, 'user', 1502447195, '', '{\"post\":\"null:data\"}', 'wall', ''),
(43, 51, 'user', 1502447216, '', '{\"post\":\"null:data\"}', 'wall', ''),
(44, 52, 'user', 1502462288, '', '{\"post\":\"null:data\"}', 'wall', ''),
(45, 44, 'user', 1502526009, 'place', 'Ever since the inception, The Department of Training and Placement has been working', 'ossngroup', 'Placement Officer'),
(46, 44, 'user', 1502534474, '', '{\"post\":\"null:data\"}', 'wall', ''),
(47, 55, 'user', 1502534747, '', '{\"post\":\"null:data\"}', 'wall', ''),
(48, 55, 'user', 1502534863, '', '{\"post\":\"null:data\"}', 'wall', ''),
(49, 56, 'user', 1502535476, '', '{\"post\":\"null:data\"}', 'wall', ''),
(50, 56, 'user', 1502535488, '', '{\"post\":\"null:data\"}', 'wall', ''),
(51, 3, 'user', 1504767329, '', '{\"post\":\"null:data\"}', 'wall', ''),
(52, 1, 'user', 1505107845, 'workshop', 'Java is a general-purpose computer programming language that is concurrent, class-based, object-oriented,[14] and specifically designed to have as few implementation dependencies as possible. It is intended to let application developers &quot;write once, run anywhere&quot; (WORA),[15] meaning that compiled Java code can run on all platforms that support Java without the need for recompilation.[16] Java applications are typically compiled to bytecode that can run on any Java virtual machine (JVM) regardless of computer architecture. As of 2016, Java is one of the most popular programming languages in use,[17][18][19][20] particularly for client-server web applications, with a reported 9 million developers.[21] Java was originally developed by James Gosling at Sun Microsystems (which has since been acquired by Oracle Corporation) and released in 1995 as a core component of Sun Microsystems&#039; Java platform. The language derives much of its syntax from C and C++, but it has fewer low-level facilities than either of them.', 'ossngroup', 'Student'),
(53, 1, 'user', 1505108958, 'Domain Expert', 'omain expert is a person who is an authority in a particular area or topic. The term domain expert is frequently used in expert systems software development, and there the term always refers to the domain other than the software domain. A domain expert is a person with special knowledge or skills in a particular area of endeavour. (An accountant is an expert in the domain of accountancy, for example.) The development of accounting software requires knowledge in two different domains: accounting and software. Some of the development workers may be experts in one domain and not the other. A SME should also have basic knowledge of other technical subjects.', 'ossngroup', 'Professional'),
(54, 1, 'user', 1505109217, 'Talent acquisition', 'Talent acquisition is the process of finding and acquiring skilled human labor for organizational needs and to meet any labor requirement. When used in the context of the recruiting and HR profession, talent acquisition usually refers to the talent acquisition department or team within the Human Resources department. The talent acquisition team within a company is responsible for finding, acquiring, assessing, and hiring candidates to fill roles that are required to meet company goals and fill project requirements.', 'ossngroup', 'Human Resource'),
(55, 1, 'user', 1505109448, 'Placement Dots', 'The major objective of campus placement is to identify the talented and qualified professionals before they complete their education. It provide employment opportunities to the students who are perusing or in the final stage of completing the course. This process reduces the time for an industry to pick the candidates according to their need.It is a cumbersome activity and hence majority of the companies find it difficult to trace the right talent. Many students do not understand the importance of placement training that is being imparted, whether it is an aptitude training or soft skills. They show the least interest in this due to various factors viz., projects, assignments or more of activities loaded by the colleges as part of their curriculum thinking that it is not useful. It is the responsibility of the companies training on placement to make the students equipped on all aspects of career development along with creating a very good impact in them which makes them feel every minute they spend in the placement training session is worth being there and will help them in getting placed in their dream companies.', 'ossngroup', 'Placement Officer'),
(56, 58, 'user', 1505110205, '', '{\"post\":\"null:data\"}', 'wall', ''),
(57, 59, 'user', 1505120197, '', '{\"post\":\"null:data\"}', 'wall', ''),
(58, 59, 'user', 1505120223, '', '{\"post\":\"null:data\"}', 'wall', ''),
(59, 61, 'user', 1505130137, '', '{\"post\":\"null:data\"}', 'wall', ''),
(60, 61, 'user', 1505130267, '', '{\"post\":\"null:data\"}', 'wall', ''),
(61, 62, 'user', 1505130656, '', '{\"post\":\"null:data\"}', 'wall', ''),
(62, 60, 'user', 1505131430, '', '{\"post\":\"null:data\"}', 'wall', ''),
(67, 3, 'user', 1505197322, '', '{\"post\":\"Hi\"}', 'wall', ''),
(72, 3, 'user', 1505396163, '', '{\"post\":\"hai\",\"friend\":\"42\"}', 'wall', ''),
(74, 1, 'user', 1507292107, '', '{\"post\":\"\"}', 'wall', ''),
(75, 8, 'group', 1507292159, '', '{\"post\":\"\"}', 'wall', ''),
(76, 1, 'user', 1507292364, '', '{\"post\":\"https://www.youtube.com/watch?v=mCX6lUcgjFk\"}', 'wall', ''),
(87, 68, 'user', 1523528430, 'cannabis', 'cannabis', 'ossngroup', 'Student'),
(88, 53, 'group', 1524464863, '', '{\"post\":\"can someone derive earth&amp;#039;s mass based on gravity\\r\\n\"}', 'wall', ''),
(90, 26, 'user', 1536074243, '', '{\"post\":\"https://www.youtube.com/watch?v=DaNnu8BqzCM\"}', 'wall', ''),
(91, 26, 'user', 1536074269, '', '{\"post\":\"https://www.youtube.com/watch?v=DaNnu8BqzCM\"}', 'wall', ''),
(92, 26, 'user', 1536074313, '', '{\"post\":\"https://www.youtube.com/watch?v=KE7tQf9spPg\"}', 'wall', ''),
(93, 1, 'user', 1543386071, '', '{\"post\":\"https://www.youtube.com/watch?v=pdkHZSnzofY\"}', 'wall', '');

-- --------------------------------------------------------

--
-- Table structure for table `ossn_relationships`
--

CREATE TABLE `ossn_relationships` (
  `relation_id` bigint(20) NOT NULL,
  `relation_from` bigint(20) NOT NULL,
  `relation_to` bigint(20) NOT NULL,
  `type` varchar(20) NOT NULL,
  `time` int(11) NOT NULL
) ENGINE=MyISAM DEFAULT CHARSET=utf8;

--
-- Dumping data for table `ossn_relationships`
--

INSERT INTO `ossn_relationships` (`relation_id`, `relation_from`, `relation_to`, `type`, `time`) VALUES
(7, 4, 3, 'group:join:approve', 1501246821),
(6, 3, 4, 'group:join', 1501246821),
(80, 1, 8, 'friend:request', 1543384730),
(8, 1, 5, 'group:join', 1501250424),
(9, 5, 1, 'group:join:approve', 1501250424),
(10, 1, 6, 'group:join', 1501250511),
(11, 6, 1, 'group:join:approve', 1501250511),
(12, 1, 7, 'group:join', 1501250566),
(13, 7, 1, 'group:join:approve', 1501250566),
(14, 1, 3, 'friend:request', 1501250633),
(15, 3, 1, 'friend:request', 1501250680),
(16, 1, 8, 'group:join', 1501496622),
(17, 8, 1, 'group:join:approve', 1501496622),
(18, 4, 9, 'group:join', 1501496788),
(19, 9, 4, 'group:join:approve', 1501496788),
(52, 50, 44, 'friend:request', 1502447006),
(51, 49, 44, 'friend:request', 1502446461),
(50, 48, 44, 'friend:request', 1502446053),
(49, 47, 44, 'friend:request', 1502445525),
(48, 46, 44, 'friend:request', 1502444874),
(28, 3, 15, 'group:join', 1501680612),
(29, 15, 3, 'group:join:approve', 1501680612),
(30, 42, 3, 'friend:request', 1501681994),
(31, 42, 1, 'friend:request', 1501682098),
(32, 1, 42, 'friend:request', 1501682133),
(33, 3, 42, 'friend:request', 1501683466),
(34, 1, 18, 'group:join', 1501751377),
(35, 18, 1, 'group:join:approve', 1501751377),
(36, 1, 19, 'group:join', 1501751468),
(37, 19, 1, 'group:join:approve', 1501751468),
(38, 1, 20, 'group:join', 1501754216),
(39, 20, 1, 'group:join:approve', 1501754216),
(40, 1, 21, 'group:join', 1501754376),
(41, 21, 1, 'group:join:approve', 1501754376),
(42, 1, 22, 'group:join', 1501754761),
(43, 22, 1, 'group:join:approve', 1501754761),
(44, 1, 23, 'group:join', 1501754781),
(45, 23, 1, 'group:join:approve', 1501754781),
(46, 1, 15, 'group:join', 1502096229),
(47, 15, 1, 'group:join:approve', 1502096333),
(53, 51, 44, 'friend:request', 1502450687),
(54, 44, 50, 'friend:request', 1502458806),
(55, 44, 49, 'friend:request', 1502458807),
(56, 44, 48, 'friend:request', 1502458809),
(57, 44, 47, 'friend:request', 1502458809),
(58, 44, 46, 'friend:request', 1502458810),
(59, 44, 51, 'friend:request', 1502458812),
(60, 52, 44, 'friend:request', 1502462424),
(61, 44, 52, 'friend:request', 1502518237),
(62, 44, 45, 'group:join', 1502526009),
(63, 45, 44, 'group:join:approve', 1502526009),
(64, 55, 44, 'friend:request', 1502535046),
(65, 44, 55, 'friend:request', 1502535356),
(66, 56, 44, 'friend:request', 1502535688),
(67, 44, 56, 'friend:request', 1502535727),
(68, 1, 52, 'group:join', 1505107845),
(69, 52, 1, 'group:join:approve', 1505107845),
(70, 1, 53, 'group:join', 1505108958),
(71, 53, 1, 'group:join:approve', 1505108958),
(72, 1, 54, 'group:join', 1505109217),
(73, 54, 1, 'group:join:approve', 1505109217),
(74, 1, 55, 'group:join', 1505109448),
(75, 55, 1, 'group:join:approve', 1505109448),
(76, 68, 87, 'group:join', 1523528430),
(77, 87, 68, 'group:join:approve', 1523528430),
(78, 68, 53, 'group:join', 1524463914),
(79, 53, 68, 'group:join:approve', 1524464792);

-- --------------------------------------------------------

--
-- Table structure for table `ossn_site_settings`
--

CREATE TABLE `ossn_site_settings` (
  `setting_id` bigint(20) NOT NULL,
  `name` text NOT NULL,
  `value` text NOT NULL
) ENGINE=MyISAM DEFAULT CHARSET=utf8;

--
-- Dumping data for table `ossn_site_settings`
--

INSERT INTO `ossn_site_settings` (`setting_id`, `name`, `value`) VALUES
(1, 'theme', 'goblue'),
(2, 'site_name', 'Lafors'),
(3, 'language', 'en'),
(4, 'cache', '0'),
(5, 'owner_email', 'ignovatesharp@gmail.com'),
(6, 'notification_email', 'ignovatesharp@gmail.com'),
(7, 'upgrades', '[\"1410545706.php\",\"1411396351.php\", \"1412353569.php\",\"1415553653.php\",\"1415819862.php\", \"1423419053.php\", \"1423419054.php\", \"1439295894.php\", \"1440716428.php\", \"1440867331.php\", \"1440603377.php\", \"1443202118.php\", \"1443211017.php\", \"1443545762.php\", \"1443617470.php\", \"1446311454.php\", \"1448807613.php\", \"1453676400.php\", \"1459411815.php\", \"1468010638.php\", \"1470127853.php\", \"1480759958.php\", \"1495366993.php\"]'),
(9, 'display_errors', 'on'),
(10, 'site_key', 'fa76a623'),
(11, 'last_cache', '0'),
(12, 'site_version', '4.4');

-- --------------------------------------------------------

--
-- Table structure for table `ossn_users`
--

CREATE TABLE `ossn_users` (
  `guid` bigint(20) NOT NULL,
  `type` text NOT NULL,
  `username` text NOT NULL,
  `email` text NOT NULL,
  `password` text NOT NULL,
  `salt` varchar(8) NOT NULL,
  `first_name` text NOT NULL,
  `last_name` text NOT NULL,
  `last_login` int(11) NOT NULL,
  `last_activity` int(11) NOT NULL,
  `activation` text,
  `time_created` int(11) NOT NULL,
  `mobile` bigint(20) NOT NULL,
  `college` varchar(255) NOT NULL,
  `profession` varchar(255) NOT NULL,
  `location` varchar(255) NOT NULL,
  `designation` varchar(255) NOT NULL,
  `course` varchar(255) NOT NULL,
  `sub_course` varchar(255) NOT NULL,
  `experience` varchar(255) NOT NULL,
  `expertise` varchar(255) NOT NULL,
  `yearcollege` varchar(255) NOT NULL,
  `organization` varchar(255) NOT NULL,
  `willing` varchar(255) NOT NULL,
  `domain` varchar(255) NOT NULL,
  `state` varchar(255) NOT NULL,
  `city` varchar(255) NOT NULL,
  `industry` varchar(255) NOT NULL,
  `functional` varchar(255) NOT NULL,
  `role` varchar(255) NOT NULL,
  `description` varchar(255) NOT NULL,
  `keyskills` varchar(255) NOT NULL,
  `summary` varchar(500) NOT NULL,
  `professional_background` varchar(500) NOT NULL,
  `educational_background` varchar(500) NOT NULL,
  `expertised` varchar(500) NOT NULL
) ENGINE=MyISAM DEFAULT CHARSET=utf8;

--
-- Dumping data for table `ossn_users`
--

INSERT INTO `ossn_users` (`guid`, `type`, `username`, `email`, `password`, `salt`, `first_name`, `last_name`, `last_login`, `last_activity`, `activation`, `time_created`, `mobile`, `college`, `profession`, `location`, `designation`, `course`, `sub_course`, `experience`, `expertise`, `yearcollege`, `organization`, `willing`, `domain`, `state`, `city`, `industry`, `functional`, `role`, `description`, `keyskills`, `summary`, `professional_background`, `educational_background`, `expertised`) VALUES
(1, 'admin', 'admin', 'ignovatesharp@gmail.com', 'e742d3073eae3aca306af258a9180c19', '6dade4c0', 'sharp', 'sundar', 1544577470, 1544577587, '', 1498822362, 9876542544, 'GNC', 'student', 'Chennai', '', 'Arts and Science', 'Agriculture and Animal Husbandry', '', '', 'First Year', '', 'e,j,t', '', 'TAMIL NADU', 'Ambur', '', '', '', 'Quick learner , eager to learn and teach', 'c , c++ , php', '', '', 'Mca', ''),
(3, 'admin', 'kumaran', 'kumaranignovate@gmail.com', 'a8f627aef29549dafa19a2bc46538e9b', '9d676278', 'kumaran', 'elumalai', 1544174862, 1544177864, '', 2147483647, 1499064791, '', 'human resource', 'Madurai', 'HR', '', '', '2 Years-3 Months', 'Accountancy', '', 'vijay', 'i,m,q', 'IT', 'TAMIL NADU', 'Chennai', 'Agriculture/Diary', 'IT Software - Client Server', 'Team Lead/Tech Lead', 'Quick Learning', '', 'dsfsdfasdf', 'sdfasdfasdf', '', 'php'),
(4, 'normal', 'surya', 'suryanand@gmail.com', 'fc9f3e11f880088b76eefe69b88c15ca', 'bc56c386', 'surya', 'anand', 1501682217, 1501683718, '', 2147483647, 1499065285, 'SSN', 'student', 'Chennai', '', 'Arts and Science', 'Computer Science', '', '', '', '', 'Yes', '', '', '', 'Banking/Financial Services/Broking', 'Banking / Insurance', 'DBA', '', '', '', '', '', ''),
(5, 'normal', 'veeraiyan', 'veera@gmail.com', '76d47b0760e153d7a3bd5158840709fd', 'bbe6a8fa', 'veera', 'veera', 1504771144, 1504771224, '', 0, 1499069374, 'Sririam', 'student', 'Trichy', '', 'Engineering', 'Agriculture and Animal Husbandry', '', '', 'Final Year', '', 'Yes', '', 'ARUNACHAL PRADESH', 'Ahmadabad', '', '', '', '', '', '', '', '', ''),
(7, 'normal', 'suresh', 'suresh@gmail.com', 'ba36a61b8aa77f16a75196aaa395815d', '34d5b589', 'suresh', 'suresh', 1501582107, 1501583122, '', 0, 0, '', '', '', '', '', '', '', '', '', '', '', '', '', '', '', '', '', '', '', '', '', '', ''),
(8, 'normal', 'manikatty', 'manikat@gmail.com', 'a8a157d68757613288762a0564552e64', 'f935d0fe', 'mani', 'katty', 1513227697, 1513260080, '', 1499078547, 9856985698, '', 'placement officer', 'Chennai', 'Assistant Professor', '', '', '2 Years-1 Month', 'English Literature', '', 'MNGS', 'a,b,c,f,g,h,k', '', '', '', 'Accounting/Finance', 'Fashion / Garments / Merchandising', 'Team Lead/Tech Lead', 'dfdfsasfsdasa', '', '', 'afdsafads', '', 'daadsdf'),
(9, 'normal', 'indumathy', 'indu@gmail.com', '8593cd0fc813ea20c2694d2fbe250bbf', '857837ac', 'indu', 'mathy', 1499080977, 1499081031, '', 1499080791, 9876532410, 'SRM', 'student', 'Coimbatore', '', 'Engineering', 'Electrical Engineering', '', '', 'Pre Final Year', '', 'Yes', '', '', '', '', '', '', '', '', '', '', '', ''),
(10, 'normal', 'thirupura', 'sundari123@gmail.com', '914049bea8149c1bf4419894cb8210b4', 'b035695c', 'thirupura', 'sundari', 1499081545, 1499081710, '', 1499081475, 9868745231, '', 'human resource', '', '', '', '', '', '', '', '', 'Yes', '', '', '', '', '', '', '', '', '', '', '', ''),
(12, 'normal', 'sundaram', 'ignovatesharpsun@gmail.com', '9b94bd5b3fe632e585d4e60e39fa18c1', '19ed5dca', 'sundar', 'sundar', 0, 0, '', 1499419038, 9876543210, '', '', '', '', '', '', '', '', '', '', 'Yes', '', '', '', '', '', '', '', '', '', '', '', ''),
(14, 'normal', 'demo123', 'demo@gmail.com', '5d06f7da2bd979fc7c71f9192a573415', '08e1070b', 'demo', 'demo', 1499423009, 1499423401, '', 1499422862, 9865742310, '', '', '', '', '', '', '', '', '', '', 'Yes', '', '', '', '', '', '', '', '', '', '', '', ''),
(15, 'normal', 'sureshkumar', 'sureshrtgsf@gmail.com', '22e3471817035b3279772035b743bfe1', '7d0f0237', 'sureshkumar', 'suresh', 1499424769, 1499424941, '', 1499424720, 9876543432, 'GNC', '', '', '', '', '', '', '', '', '', 'Yes', '', '', '', '', '', '', '', '', '', '', '', ''),
(16, 'normal', 'kishore', 'kishore@gmail.com', '26f7b8f5f87815efb7cd8d9529a22a64', '01cb9583', 'kishore', 'kumar', 1504852348, 1504852818, '', 1499426844, 9874563215, 'SSN', '', '', '', '', '', '', '', '', '', '', '', '', '', '', '', '', '', '', '', '', '', ''),
(100, 'normal', 'deva2', 'recruiter1@afmoi.in', '1ec8ea046584021c9abe7a29bd5eb25f', '817495ff', 'deva2', '', 1543558612, 1543558638, '', 1543460887, 0, '', 'professional', '', '', '', '', '', '', '', '', '', '', '', '', '', '', '', '', '', '', '', '', ''),
(99, 'normal', 'deva1', 'sprabhu15@gmail.com', 'b33e7e446303899fe68291e2f1ec3a8f', '758c4ac4', 'deva1', '', 1543556391, 1543557870, '', 1543460696, 0, '', 'student', '', '', '', '', '', '', '', '', '', '', '', '', '', '', '', '', '', '', '', '', ''),
(98, 'normal', 'prabhu21', 'prabhus15@yahoo.com', 'a2323d70a71e5e4ffb828be709429010', 'b4c0b2ee', 'prabhu21', '', 0, 0, '411965a71ce6f22136ffc66eec18eafe', 1543457612, 0, '', 'professional', '', '', '', '', '', '', '', '', '', '', '', '', '', '', '', '', '', '', '', '', ''),
(97, 'normal', 'kumaran14', 'elumalai.kumaran14@gmail.com', '7745e4df056f0c6e79a88600e77f34bb', '9a437d71', 'kumaran14', '', 1543387599, 1543388261, '', 1543387556, 0, '', 'professional', '', '', '', '', '', '', '', '', '', '', '', '', '', '', '', '', '', '', '', '', ''),
(23, 'normal', 'fastrack', 'fastrackhjfsfhsh@gmail.com', '4d04f1bc08935393f95ae1e2171da3dc', '142c298c', 'Fastrack', '', 1499861355, 1499861832, '', 0, 0, '', '', '', '', '', '', '', '', '', '', '', '', '', '', '', '', '', '', '', '', '', '', ''),
(24, 'normal', 'demotest', 'demotest@gmail.com', '7fb619adabb6eb99c32825591a055ed5', 'c071e995', 'demotest', '', 0, 0, '', 1499929607, 0, '', '', '', '', '', '', '', '', '', '', '', '', '', '', '', '', '', '', '', '', '', '', ''),
(25, 'normal', 'testpro', 'testpro@gmail.com', '89a6e2344574f849920eb1414cfe391e', '2400d6f6', 'testpro', 'pro', 1544189150, 1544189182, '', 1499943488, 9876532410, 'SSN', 'professional', 'Tambaram', '', '', '', '', '', '', '', '', '', '', '', '', '', '', '', '', '', '', '', ''),
(26, 'normal', 'teststudent', 'teststudent@gmail.com', 'defac7cf44abfd23fa1918f1069e4405', '328528b0', 'teststudent', '', 1544189188, 1544189220, '', 1499943720, 0, '', 'student', '', '', '', '', '', '', '', '', 'Yes', '', '', '', '', '', '', '', '', '', '', '', ''),
(27, 'normal', 'testprofessional', 'testprofessional@gmail.com', '48b9ca772c203a0a9fcd5eddacadfa7a', '7048479a', 'testprofessional', '', 0, 0, '', 1499944708, 0, '', 'professional', '', '', '', '', '', '', '', '', '', '', '', '', '', '', '', '', '', '', '', '', ''),
(28, 'normal', 'testhr', 'testhr@gmail.com', '98ff5d7630770f27bb23dbb0faf8c559', '7f3e2fc7', 'testhr', 'hr', 1536069701, 1536069979, '', 1499944947, 88954546455, 'Hindustan', 'human resource', 'chennai', 'HR', 'Engineering', 'Mechanical Engineering', '5 years', 'Design Mechanical Device Projects', '', '', '', '', '', '', '', '', '', '', '', '', '', '', ''),
(29, 'normal', 'testpo', 'testpo@gmail.com', 'b153ed88be643b13c0647a625ede44f6', '8156f594', 'testpo', 'test', 1536068243, 1536068252, '', 1499944981, 9876543212, 'Ramanujar', 'placement officer', 'chennai', 'Professor', 'Engineering', '	\nAutomobile Engineering', '5years', 'Automobile Parts Iintegratiopn', '', '', '', '', '', '', '', '', '', '', '', '', '', '', ''),
(94, 'normal', 'Test1', 'civilceeji@outlook.com', '7082154cd811d3a27af0fba9e4326ab9', '97760d46', 'Test1', '', 0, 0, '660e85048353a7262cfbd3da23eda9a4', 1533118839, 0, '', 'professional', '', '', '', '', '', '', '', '', '', '', '', '', '', '', '', '', '', '', '', '', ''),
(95, 'normal', 'SuryanandHR', 'support@ignovatesolutions.com', '42110717d22c1d1cb0a3297b7fa3c90c', 'bd334965', 'SuryanandHR', '', 0, 0, '376d46517479f30eba4e3da61aa55fe4', 1536068563, 0, '', 'human resource', '', '', '', '', '', '', '', '', '', '', '', '', '', '', '', '', '', '', '', '', ''),
(42, 'normal', 'sureshrajendren', 'sureshrajendren12297@gmail.com', 'ff8f87a0c8ac634c467fac474cbc2d4e', 'b842697f', 'suresh', 'R', 1501681937, 1501682609, '', 1501681820, 7418444972, '', 'professional', '', '', '', '', 'Fresher-0', '', '', 'Ignovate solution', 'Yes', '', 'TAMIL NADU', 'Tirunelveli', 'IT-Software/Software Services', 'IT Software - Application Pragramming / Maintenance', 'Software Developer', 'I am interested in this type of jop', 'Php', '', '', '', ''),
(44, 'normal', 'Akshitha', 'test1@gmail.com', 'ce5823bde8d5aa87bd0d7231a2016f65', '70c2db8d', 'Akshitha', 'Sujeesh', 1502539539, 1505371204, '', 1502443276, 89765783456, 'ssn', 'student', '', '', 'Arts and Science', 'Biomedical Engineering', '', '', 'Second Year', '', 'Yes', '', 'KARNATAKA', 'Agartala MCl', '', '', '', 'There are many variations of passages of Lorem Ipsum available, but the majority have suffered alteration in some form, by injected humour, or randomised words which don&#039;t look even slightly believable', 'java,php', 'There are many variations of passages of Lorem Ipsum available, but the majority have suffered alteration in some form, by injected humour, or randomised words which don&#039;t look even slightly believable', '', 'There are many variations of passages of Lorem Ipsum available, but the majority have suffered alteration in some form, by injected humour, or randomised words which don&#039;t look even slightly believable', ''),
(45, 'normal', 'Ezhilvel', 'test2@gmail.com', '54e385e81c13659f7197be2ce160682c', '9ba76a59', 'Ezhilvel', 'Saravanan', 1502443989, 1502444451, '', 1502443962, 8976345678, 'sairam', 'student', '', '', 'Engineering', 'Biotechnology', '', '', 'Pre-Final Year', '', 'No', '', 'JAMMU &amp; KASHMIR', 'Anand', '', '', '', 'There are many variations of passages of Lorem Ipsum available, but the majority have suffered alteration in some form, by injected humour, or randomised words which don&#039;t look even slightly believable', 'java,c,c++', 'There are many variations of passages of Lorem Ipsum available, but the majority have suffered alteration in some form, by injected humour, or randomised words which don&#039;t look even slightly believable', '', 'engineering', ''),
(46, 'normal', 'Magizhvadhani', 'test3@gmail.com', '52188428bfb7acc809a0ad407691e802', 'bcf6362a', 'Magizhvadhani', 'Saravanan', 1502444539, 1502558291, '', 1502444495, 9444580612, 'srm', 'student', '', '', 'Medical', 'Bio-medical', '', '', 'Final Year', '', 'No', '', 'BIHAR', 'Alipur Duar', '', '', '', 'There are many variations of passages of Lorem Ipsum available, but the majority have suffered alteration in some form, by injected humour, or randomised words which don&#039;t look even slightly believable', 'c', 'There are many variations of passages of Lorem Ipsum available, but the majority have suffered alteration in some form, by injected humour, or randomised words which don&#039;t look even slightly believable', '', 'medical', ''),
(47, 'normal', 'Deepshika', 'test4@gmail.com', '49f065b4248c2c660449970d6da5f8a5', 'e7708c30', 'Deepshika', 'Kalaivanan', 1502445209, 1502445611, '', 1502445175, 7898757897, 'srm', 'student', '', '', 'Medical', 'Veterinary Science', '', '', 'Pre-Final Year', '', 'No', '', 'CHATTISGARH', 'Agra', '', '', '', 'There are many variations of passages of Lorem Ipsum available, but the majority have suffered alteration in some form, by injected humour, or randomised words which don&#039;t look even slightly believable', 'java', 'There are many variations of passages of Lorem Ipsum available, but the majority have suffered alteration in some form, by injected humour, or randomised words which don&#039;t look even slightly believable', '', 'medical', ''),
(48, 'normal', 'Arjun', 'test5@gmail.com', 'fa5ec1736f1e737adc0ee966a757cb0f', '0a79e882', 'Arjun', 'Krishna', 1502445775, 1502446088, '', 1502445735, 9876789887, 'jeppiar engineering col', 'student', '', '', 'Arts and Science', 'Computer Science', '', '', 'First Year', '', 'Yes', '', 'KERALA', 'Aligarh', '', '', '', 'There are many variations of passages of Lorem Ipsum available, but the majority have suffered alteration in some form, by injected humour, or randomised words which don&#039;t look even slightly believable', 'c', 'There are many variations of passages of Lorem Ipsum available, but the majority have suffered alteration in some form, by injected humour, or randomised words which don&#039;t look even slightly believable', '', 'arts and science', ''),
(49, 'normal', 'Shivani', 'test6@gmail.com', '64e34cdf1f5721666b2e031f7d7ddb99', '2498ba50', 'Shivani', 'Pazhani', 1502446194, 1504703865, '', 1502446153, 8796785456, 'mcc', 'student', '', '', 'Arts and Science', 'Commerce', '', '', 'Final Year', '', 'No', '', 'KERALA', 'Aligarh', '', '', '', 'There are many variations of passages of Lorem Ipsum available, but the majority have suffered alteration in some form, by injected humour, or randomised words which don&#039;t look even slightly believable', 'c', 'There are many variations of passages of Lorem Ipsum available, but the majority have suffered alteration in some form, by injected humour, or randomised words which don&#039;t look even slightly believable', '', 'arts and Science', ''),
(50, 'normal', 'Sudhiksha', 'test7@gmail.com', 'e9667006d60993c850e88629578a47f8', '3d30bba0', 'Sudhiksha', 'prakash', 1502537859, 1502542522, '', 1502446547, 8989586598, '', 'human resource', '', '', '', '', '5 Years-1 Month', '', '', 'LNT', 'Yes', '', 'GUJRAT', 'Akot', 'Courier/Transportation/Freight', 'Guards / Security Services', 'Webmaster', 'It is a long established fact that a reader will be distracted by the readable content of a page when looking at its layout. The point of using Lorem Ipsum is that it has a more-or-less normal distribution of letters, as opposed to using &#039;Content her', '', 'It is a long established fact that a reader will be distracted by the readable content of a page when looking at its layout. The point of using Lorem Ipsum is that it has a more-or-less normal distribution of letters, as opposed to using &#039;Content here, content here&#039;, making it look like readable English.', 'Freight', '', 'Analysist'),
(51, 'normal', 'Kalyani', 'test8@gmail.com', '4baeab735654391ee8ca31d47b4efeb4', '6017d4ab', 'Kalyani', 'saravanan', 1502450475, 1502450700, '', 1502447105, 8798765434, '', 'human resource', '', '', '', '', '7 Years-6 Months', '', '', 'sam', 'Yes', '', 'DELHI', 'Amalner', 'BPO/ITES', 'CRS &amp; Sustainability', 'Release Mgr', 'Yes', '', 'Yes', 'c', '', 'program'),
(52, 'normal', 'Peter', 'test11@gmail.com', '71c827a96b6ec906b33da5b54ae2dcb7', '0c43c12a', 'Peter', 'John', 1502462196, 1502462435, '', 1502462148, 8976544678, '', 'human resource', '', '', '', '', '2 Years-4 Months', '', '', 'SMS', 'Yes', '', 'ASSAM', 'Adityapur', 'Agriculture/Diary', 'Architecture / Interior Design', 'Tech Architech', 'Security of life', '', 'Security of life', 'Business', '', 'Analysis'),
(53, 'normal', 'Sathya', 'test15@gmail.com', 'c5491cbfb950ec6746c5e63c0a168586', '4a545e39', 'Sathya', '', 0, 0, '6ae11ef6eee89e7dafe8a84e8d85574b', 1502528677, 0, '', '', '', '', '', '', '', '', '', '', '', '', '', '', '', '', '', '', '', '', '', '', ''),
(54, 'normal', 'Manikatti', 'manikatti90@gmail.com', '614ba8e7dbd8e02332d54b27889a41cb', '8480c960', 'Manikatti', '', 1505134680, 1505134804, '', 1502533809, 0, '', '', '', '', '', '', '', '', '', '', '', '', '', '', '', '', '', '', '', '', '', '', ''),
(55, 'normal', 'madan', 'test18@gmail.com', 'd2fb3776a53296d9686207e0b618a86c', 'bab75fee', 'madan', 'kumar', 1502534661, 1502535371, '', 1502534571, 5985685985, '', 'placement officer', '', '', '', '', '11 Years-6 Months', '', '', 'PTS', 'Yes', '', 'ASSAM', 'Midnapur', 'Ceramics/Sanitary ware', 'Hotels / Restaurats', 'Release Mgr', 'It is a long established fact that a reader will be distracted by the readable content of a page when looking at its layout. The point of using Lorem Ipsum is that it has a more-or-less normal distribution of letters, as opposed to using &#039;Content her', '', 'It is a long established fact that a reader will be distracted by the readable content of a page when looking at its layout. The point of using Lorem Ipsum is that it has a more-or-less normal distribution of letters, as opposed to using &#039;Content here, content here&#039;, making it look like readable English.', 'physics', '', 'business'),
(56, 'normal', 'priya', 'test19@gmail.com', '90d9b4e632fcacb69b815c96d249cc20', 'ef06a617', 'priya', 'ganesh', 1502535440, 1502535772, '', 1502535408, 8975485695, '', 'placement officer', '', '', '', '', '12 Years-7 Months', '', '', 'KTM', 'Yes', '', 'GOA', 'Panaji', 'Consumer Durables', 'Corporate Planning / Consulting', 'System Admin', 'It is a long established fact that a reader will be distracted by the readable content of a page when looking at its layout. The point of using Lorem Ipsum is that it has a more-or-less normal distribution of letters, as opposed to using &#039;Content her', '', 'It is a long established fact that a reader will be distracted by the readable content of a page when looking at its layout. The point of using Lorem Ipsum is that it has a more-or-less normal distribution of letters, as opposed to using &#039;Content here, content here&#039;, making it look like readable English.', 'mechanic', '', 'mechanic'),
(57, 'normal', 'ManikattiMK', 'manikatti04@gmail.com', '74480b309e9a3b844ca719dd0441ba6f', '1c31bb95', 'ManikattiMK', '', 0, 0, '0df70a02bbbafe92d49eb80d2d433c3f', 1504850371, 0, '', '', '', '', '', '', '', '', '', '', '', '', '', '', '', '', '', '', '', '', '', '', ''),
(58, 'normal', 'joseph', 'joseph@gmail.com', '28e4b61138c201ef62cbf301eb5dd67e', '816ad54e', 'joseph', 'fernandez', 1513177871, 1513178056, '', 1505110038, 8458458457, '', 'professional', 'Goa Velha, Goa, India', '', '', '', '1 Year-2 Months', '', '', 'Q&amp;Q Compay', 'd,n,o,p', '', '', '', 'Animation', 'Agent', 'DBA', 'dsfasdfasdf', '', '', 'sdfsdfsadf', '', 'asdfsadf'),
(59, 'normal', 'guberathan', 'guber@gmail.com', 'ca804cd338b78da0e662a4277ea3e228', '4613a433', 'guberathan', 'perumal', 1505117322, 1505120392, '', 1505117281, 8457415248, '', 'human resource', 'Trichy Corporation Limits, Tamil Nadu, India', '', '', '', '5 Years-5 Months', '', '', 'barbarian', '9,13,17,18,19', '', '', '', 'BPO/ITES', 'IT Software - Client Server', 'Product Mgr', 'Am a human resources in barbarian company past 5 years.', '', '', 'business', '', 'marketing'),
(60, 'normal', 'swatha', 'swatha@gmail.com', 'c125fca39edfe6deb18fec874cf947a6', '101677a7', 'swatha', 'krishnan', 1505130708, 1505138230, '', 1505120513, 9847521478, '', 'professional', 'Tenkasi Old Bus Stand, Tenkasi, Tirunelveli Kattabo, India', '', '', '', '2 Years-2 Months', '', '', 'teacher', '12,14,15,16', '', '', '', 'Education/Teaching/Training', 'IT Software - Mainframe', 'IT/Networking-Mgr', 'i am a good teacher', '', '', 'b.tech', '', 'teaching'),
(61, 'normal', 'marvell', 'marvell@gmail.com', 'ef9307c39b95fc3a3ca48cbed0c6ccee', '58c03559', 'marvell', 'brothers', 1505130062, 1505131419, '', 1505129868, 8956231245, '', 'placement officer', 'Tambaram, Tamil Nadu, India', '', '', '', '1 Year-10 Months', '', '', 'sairam', '1,2,3,6,7,8,11', '', '', '', 'Broadcasting', 'IT Software - Other', 'Webmaster', 'Basically am a new York and i have done my college in America.', '', '', 'physics', '', 'experiment'),
(62, 'normal', 'ramkumar', 'ram@gmail.com', 'b41e5c173bceac95b08d709781695370', '86c1e272', 'ramkumar', 'kumar', 1505130015, 1505130678, '', 1505129912, 7418444972, 'st.xaviers college,palayamkottai.', 'student', 'Tirunelveli, Tamil Nadu, India', '', 'Arts and Science', 'Computer Science', '', '', 'Pre-Final Year', '', '5,10', '', '', '', '', '', '', 'i am a computer science student', 'c,c++,java', '', '', 'cse', ''),
(63, 'normal', 'ragavendran', 'raga@gmail.com', '612e14e3b525fffc0f87ca0c15a11911', 'de901109', 'ragavendran', 'perumal', 1513147977, 1513148872, '', 1513147881, 9856985698, 'gnc', 'student', 'Chennai, Tamil Nadu, India', '', 'Arts and Science', 'Computer Science', '', '', 'Final Year', '', '5,10,20', '', '', '', '', '', '', 'Am a learning legent', 'php', '', '', 'computer science', ''),
(64, 'normal', 'Rajesh', 'rajeshdemotest@gmail.com', '90be3d2c4ace4a64dc927cd59bdb4757', 'e8a89ebc', 'Rajesh', 'kumar', 1513226557, 1513227503, '', 1513148042, 9876543210, '', 'professional', 'Chennai, Tamil Nadu, India', '', '', '', '5 Years-3 Months', '', '', 'SSDM', 'l', '', '', '', 'Accounting/Finance', 'Accounts / Finance / Tax /CS / Audit', 'Senior Management', 'Simple the best', '', '', 'Accountancy', '', 'Accountancy'),
(65, 'normal', 'Saravanan', 'Saravanan.kp@gmail.com', 'ee26895db0fbd0ed3b2cc2b4eef92184', 'ee69c21b', 'Saravanan', '', 1543487605, 1543489516, '', 1518837478, 0, '', '', '', '', '', '', '', '', '', '', '', '', '', '', '', '', '', '', '', '', '', '', ''),
(101, 'normal', 'dikshitha', 'sales1@afmoi.in', 'a531c2f31801ee17c86f0b8cddf56ce9', '915e1c96', 'dikshitha', '', 1543559466, 1543559553, '', 1543559445, 0, '', 'human resource', '', '', '', '', '', '', '', '', '', '', '', '', '', '', '', '', '', '', '', '', ''),
(67, 'normal', 'prabhus15', 'prabhu@afmoi.in', '477ebf807ef85717c52d7ac50b0129de', '9cc27dc1', 'prabhus15', '', 1543457265, 1543457356, '', 1519020994, 0, '', '', '', '', '', '', '', '', '', '', '', '', '', '', '', '', '', '', '', '', '', '', ''),
(68, 'normal', 'ceeji', 'civilceeji@gmail.com', 'f0c5b42f0354a606944d46d51f62aef4', '7f63a0d3', 'ceeji', 'V', 1531485066, 1531485194, '', 1519384566, 7337669185, '', 'professional', 'Chennai, Tamil Nadu, India', '', '', '', '12 Years-10 Months', '', '', 'AFMOI', 'n,o,p,e,j,t', '', '', '', 'Chemicals/PetroChemical/Plastic/Rubber', 'Analytics &amp; Business Intelligence', 'Product Mgr', 'jjhkhkbhjvhb', '', '', 'nkj', '', 'nn'),
(69, 'normal', 'Ameya', 'Ameya.patkar@gmail.com', '4482f85689eed9a79baf377d433fe954', '3d9dee84', 'Ameya', '', 1519477620, 1519477713, '', 1519461337, 0, '', '', '', '', '', '', '', '', '', '', '', '', '', '', '', '', '', '', '', '', '', '', ''),
(70, 'normal', 'ceeji1', 'cutie.madhi@gmail.com', '38d9c73ba3026b500f521cd8db91498b', 'a50c215e', 'ceeji1', '', 0, 0, '4582531ab8f6349e2deb15bcef6fa72a', 1520593488, 0, '', '', '', '', '', '', '', '', '', '', '', '', '', '', '', '', '', '', '', '', '', '', ''),
(96, 'normal', 'SuryanandSt', 'info@ignovatesolutions.com', '7609f2c4f5df25bc6500a1a2ee558d33', 'd0a3b167', 'SuryanandSt', 'Student', 1536069390, 1536070061, '', 1536068874, 9940263876, 'GNCC', 'student', 'Chennai, Tamil Nadu, India', '', 'Arts and Science', 'Mathematics', '', '', 'Final Year', '', 'e', '', '', '', '', '', '', 'Test Student', 'Comp Scie', '', '', 'BSC', '');

-- --------------------------------------------------------

--
-- Table structure for table `role_master`
--

CREATE TABLE `role_master` (
  `role_id` int(11) NOT NULL,
  `rolename` varchar(255) NOT NULL
) ENGINE=InnoDB DEFAULT CHARSET=latin1;

--
-- Dumping data for table `role_master`
--

INSERT INTO `role_master` (`role_id`, `rolename`) VALUES
(1, 'Programming & Design'),
(2, 'Software Developer'),
(3, 'Team Lead/Tech Lead'),
(4, 'System Analyst'),
(5, 'Tech Architech'),
(6, 'Database Architech/Designer'),
(7, 'Project Lead'),
(8, 'Testing Engnr'),
(9, 'Product Mgr'),
(10, 'Graphic/Web Designer'),
(11, 'Release Mgr'),
(12, 'Admin/Maintenance/Security/Datawarehousing'),
(13, 'DBA'),
(14, 'Network Admin'),
(15, 'System Admin'),
(16, 'System Security'),
(17, 'Tech Support Engn'),
(18, 'Maintenance Engnr'),
(19, 'Webmaster'),
(20, 'IT/Networking-Mgr'),
(21, 'Information System(MIS)-Mgr'),
(22, 'System Design/Implementation/ERP/CRM'),
(23, 'System Integration Technician'),
(24, 'Business Analyst'),
(25, 'Datawarehousing Technician'),
(26, 'Outside Technical Consultant'),
(27, 'EDP Analyst'),
(28, 'Solution Architect / Enterprise Architect'),
(29, 'Subject Matter Expert'),
(30, 'ERP Consultant'),
(31, 'QA/Testing/Documentation'),
(32, 'Technical Writer'),
(33, 'Instructional Designer'),
(34, 'Technical Documentor'),
(35, 'QA/QC Exec.'),
(36, 'QA/QC Mgr.'),
(37, 'Project Management'),
(38, 'Project Mrg-IT/Software'),
(39, 'Senior Management'),
(40, 'Program Mgr'),
(41, 'Head/VP/GM-Quality'),
(42, 'Head/VP/GM-Technology(IT)/CTO'),
(43, 'CIO'),
(44, 'Practice Head / Practice Manager'),
(45, 'Other'),
(46, 'Trainer/Faculty'),
(47, 'Trainee'),
(48, 'Fresher'),
(49, 'Outside Consultant'),
(50, 'IT/Technical Content Developer');

-- --------------------------------------------------------

--
-- Table structure for table `statemaster`
--

CREATE TABLE `statemaster` (
  `StateID` int(11) NOT NULL,
  `StateName` varchar(50) NOT NULL,
  `Notes` longtext,
  `ChangeDate` timestamp NOT NULL DEFAULT CURRENT_TIMESTAMP ON UPDATE CURRENT_TIMESTAMP
) ENGINE=InnoDB DEFAULT CHARSET=latin1;

--
-- Dumping data for table `statemaster`
--

INSERT INTO `statemaster` (`StateID`, `StateName`, `Notes`, `ChangeDate`) VALUES
(1, 'ANDHRA PRADESH', NULL, '2017-07-24 07:03:32'),
(2, 'ASSAM', NULL, '2017-07-24 07:03:32'),
(3, 'ARUNACHAL PRADESH', NULL, '2017-07-24 07:03:32'),
(4, 'GUJRAT', NULL, '2017-07-24 07:03:32'),
(5, 'BIHAR', NULL, '2017-07-24 07:03:32'),
(6, 'HARYANA', NULL, '2017-07-24 07:03:32'),
(7, 'HIMACHAL PRADESH', NULL, '2017-07-24 07:03:32'),
(8, 'JAMMU & KASHMIR', NULL, '2017-07-24 07:03:32'),
(9, 'KARNATAKA', NULL, '2017-07-24 07:03:32'),
(10, 'KERALA', NULL, '2017-07-24 07:03:32'),
(11, 'MADHYA PRADESH', NULL, '2017-07-24 07:03:32'),
(12, 'MAHARASHTRA', NULL, '2017-07-24 07:03:32'),
(13, 'MANIPUR', NULL, '2017-07-24 07:03:32'),
(14, 'MEGHALAYA', NULL, '2017-07-24 07:03:32'),
(15, 'MIZORAM', NULL, '2017-07-24 07:03:32'),
(16, 'NAGALAND', NULL, '2017-07-24 07:03:32'),
(17, 'ORISSA', NULL, '2017-07-24 07:03:32'),
(18, 'PUNJAB', NULL, '2017-07-24 07:03:32'),
(19, 'RAJASTHAN', NULL, '2017-07-24 07:03:32'),
(20, 'SIKKIM', NULL, '2017-07-24 07:03:32'),
(21, 'TAMIL NADU', NULL, '2017-07-24 07:03:32'),
(22, 'TRIPURA', NULL, '2017-07-24 07:03:32'),
(23, 'UTTAR PRADESH', NULL, '2017-07-24 07:03:32'),
(24, 'WEST BENGAL', NULL, '2017-07-24 07:03:32'),
(25, 'DELHI', NULL, '2017-07-24 07:03:32'),
(26, 'GOA', NULL, '2017-07-24 07:03:32'),
(27, 'PONDICHERY', NULL, '2017-07-24 07:03:32'),
(28, 'LAKSHDWEEP', NULL, '2017-07-24 07:03:32'),
(29, 'DAMAN & DIU', NULL, '2017-07-24 07:03:32'),
(30, 'DADRA & NAGAR', NULL, '2017-07-24 07:03:32'),
(31, 'CHANDIGARH', NULL, '2017-07-24 07:03:32'),
(32, 'ANDAMAN & NICOBAR', NULL, '2017-07-24 07:03:32'),
(33, 'UTTARANCHAL', NULL, '2017-07-24 07:03:32'),
(34, 'JHARKHAND', NULL, '2017-07-24 07:03:33'),
(35, 'CHATTISGARH', NULL, '2017-07-24 07:03:33');

-- --------------------------------------------------------

--
-- Table structure for table `subcourse_master`
--

CREATE TABLE `subcourse_master` (
  `subcourseid` int(11) NOT NULL,
  `courseid` int(11) NOT NULL,
  `subcoursename` varchar(500) NOT NULL
) ENGINE=InnoDB DEFAULT CHARSET=latin1;

--
-- Dumping data for table `subcourse_master`
--

INSERT INTO `subcourse_master` (`subcourseid`, `courseid`, `subcoursename`) VALUES
(1, 1, 'Computer Engineering'),
(2, 1, 'Electrical Engineering'),
(3, 1, 'Electronics Engineering'),
(4, 1, 'Mechanical Engineering'),
(5, 1, 'Civil Engineering'),
(6, 1, 'Agricultural Engineering'),
(7, 1, 'Aeronautical Engineering'),
(8, 1, 'Architecture Engineering'),
(9, 1, 'Automobile Engineering'),
(10, 1, 'Biomedical Engineering'),
(11, 1, 'Biotechnology'),
(12, 1, 'Ceramic Technology'),
(13, 1, 'Chemical Engineering'),
(14, 1, 'Environmental Engineering'),
(15, 1, 'Genetic Engineering'),
(16, 1, 'Industrial & Production  Engineering'),
(17, 1, 'Instrumentation Engineering'),
(18, 1, 'Marine Engineering'),
(19, 1, 'Metallurgical Engineering'),
(20, 1, 'Mining Engineering'),
(21, 1, 'Petroleum Engineering'),
(22, 1, 'Plastic Technology'),
(23, 1, 'Polymer Engineering'),
(24, 1, 'Rubber Technology'),
(25, 1, 'Space Technology'),
(26, 1, 'Textile Industry'),
(27, 2, 'English'),
(28, 2, 'Mathematics'),
(29, 2, 'Physics'),
(30, 2, 'Chemistry'),
(31, 2, 'History'),
(32, 2, 'Tamil Literature'),
(33, 2, 'Bio-chemistry'),
(34, 2, ' Bio-medical'),
(35, 2, 'Botany'),
(36, 2, 'Computer Science'),
(37, 2, 'Food Technology'),
(38, 2, 'Geology'),
(39, 2, ' Home Science'),
(40, 2, 'Microbiology'),
(41, 2, 'Polymer Science'),
(42, 2, 'Statistics'),
(43, 2, 'Nutrition'),
(44, 2, 'Environmental Studies'),
(45, 2, 'Environmental Studies'),
(46, 2, ' Agriculture and Animal Husbandry'),
(47, 2, ' Veterinary Science'),
(48, 2, 'Dairy and Poultry '),
(49, 2, 'Commerce'),
(50, 2, 'Business Management'),
(51, 5, 'Five years integrated MBA course'),
(52, 5, 'Banking Courses'),
(53, 5, 'Certified Financial Planner (CFP )'),
(54, 5, 'Bachelor of Business Management (BBM)'),
(55, 5, 'Fashion Technology'),
(56, 5, 'Hotel Management'),
(57, 5, 'Mass Communication and Journalism'),
(58, 5, 'Animation and Multimedia'),
(59, 5, 'Performing Arts'),
(60, 5, 'Language Courses (Foreign Languages are Promising)'),
(61, 3, 'BL'),
(62, 4, 'MBBS');

-- --------------------------------------------------------

--
-- Table structure for table `willing_master`
--

CREATE TABLE `willing_master` (
  `id` varchar(11) NOT NULL,
  `search_role` varchar(200) NOT NULL,
  `search_for` varchar(200) NOT NULL,
  `name` varchar(200) NOT NULL
) ENGINE=InnoDB DEFAULT CHARSET=latin1;

--
-- Dumping data for table `willing_master`
--

INSERT INTO `willing_master` (`id`, `search_role`, `search_for`, `name`) VALUES
('a', 'HR', 'PO', 'Interested in calling for Guest Lectures'),
('b', 'HR', 'PO', 'Interested for Campus Placements '),
('c', 'HR', 'PO', 'Interested in calling for visiting Faculty Opportunities'),
('d', 'HR', 'SME', 'Interested in looking for job opportunity'),
('e', 'HR', 'Student', 'Interested to get guidance on Project and Career'),
('f', 'SME', 'PO', 'Interested in calling for Guest Lectures'),
('g', 'SME', 'PO', 'Interested for Campus Placements'),
('h', 'SME', 'PO', 'Interested in calling for visiting Faculty Opportunities'),
('i', 'SME', 'HR', 'Interested in looking for job opportunity'),
('j', 'SME', 'Student', 'Interested to get guidance on Project and Career'),
('k', 'Student', 'PO', 'Interested in calling for new admissions'),
('l', 'Student', 'SME', 'Interested to help students on Career and Projects'),
('m', 'Student', 'HR', 'Interested to help students on Career and Projects'),
('n', 'PO', 'SME', 'Interested in giving Guest Lecture'),
('o', 'PO', 'SME', 'Interested in Campus Placements'),
('p', 'PO', 'SME', 'Interested in Visiting Faculty Opportunities'),
('q', 'PO', 'HR', 'Interested in giving Guest Lecture'),
('r', 'PO', 'HR', 'Interested in Campus Placements'),
('s', 'PO', 'HR', 'Interested in Visiting Faculty Opportunities'),
('t', 'PO', 'Student', 'Interested in admissions ');

--
-- Indexes for dumped tables
--

--
-- Indexes for table `city_master`
--
ALTER TABLE `city_master`
  ADD PRIMARY KEY (`city_id`);

--
-- Indexes for table `expmonth_master`
--
ALTER TABLE `expmonth_master`
  ADD PRIMARY KEY (`month_id`);

--
-- Indexes for table `expyear_master`
--
ALTER TABLE `expyear_master`
  ADD PRIMARY KEY (`year_id`);

--
-- Indexes for table `functional_master`
--
ALTER TABLE `functional_master`
  ADD PRIMARY KEY (`fun_id`);

--
-- Indexes for table `industry_master`
--
ALTER TABLE `industry_master`
  ADD PRIMARY KEY (`ind_id`);

--
-- Indexes for table `maincourse_master`
--
ALTER TABLE `maincourse_master`
  ADD PRIMARY KEY (`courseid`);

--
-- Indexes for table `ossn_addons`
--
ALTER TABLE `ossn_addons`
  ADD PRIMARY KEY (`id`);

--
-- Indexes for table `ossn_annotations`
--
ALTER TABLE `ossn_annotations`
  ADD PRIMARY KEY (`id`),
  ADD KEY `owner_guid` (`owner_guid`),
  ADD KEY `subject_guid` (`subject_guid`),
  ADD KEY `time_created` (`time_created`);
ALTER TABLE `ossn_annotations` ADD FULLTEXT KEY `type` (`type`);

--
-- Indexes for table `ossn_components`
--
ALTER TABLE `ossn_components`
  ADD PRIMARY KEY (`id`);

--
-- Indexes for table `ossn_entities`
--
ALTER TABLE `ossn_entities`
  ADD PRIMARY KEY (`guid`),
  ADD KEY `owner_guid` (`owner_guid`),
  ADD KEY `time_created` (`time_created`),
  ADD KEY `time_updated` (`time_updated`),
  ADD KEY `active` (`active`),
  ADD KEY `permission` (`permission`);
ALTER TABLE `ossn_entities` ADD FULLTEXT KEY `type` (`type`);
ALTER TABLE `ossn_entities` ADD FULLTEXT KEY `subtype` (`subtype`);

--
-- Indexes for table `ossn_entities_metadata`
--
ALTER TABLE `ossn_entities_metadata`
  ADD PRIMARY KEY (`id`),
  ADD KEY `guid` (`guid`);
ALTER TABLE `ossn_entities_metadata` ADD FULLTEXT KEY `value` (`value`);

--
-- Indexes for table `ossn_likes`
--
ALTER TABLE `ossn_likes`
  ADD PRIMARY KEY (`id`);

--
-- Indexes for table `ossn_messages`
--
ALTER TABLE `ossn_messages`
  ADD PRIMARY KEY (`id`);

--
-- Indexes for table `ossn_notifications`
--
ALTER TABLE `ossn_notifications`
  ADD PRIMARY KEY (`guid`),
  ADD KEY `poster_guid` (`poster_guid`),
  ADD KEY `owner_guid` (`owner_guid`),
  ADD KEY `subject_guid` (`subject_guid`),
  ADD KEY `time_created` (`time_created`),
  ADD KEY `item_guid` (`item_guid`);
ALTER TABLE `ossn_notifications` ADD FULLTEXT KEY `type` (`type`);

--
-- Indexes for table `ossn_object`
--
ALTER TABLE `ossn_object`
  ADD PRIMARY KEY (`guid`),
  ADD KEY `owner_guid` (`owner_guid`),
  ADD KEY `time_created` (`time_created`);
ALTER TABLE `ossn_object` ADD FULLTEXT KEY `type` (`type`);
ALTER TABLE `ossn_object` ADD FULLTEXT KEY `subtype` (`subtype`);

--
-- Indexes for table `ossn_relationships`
--
ALTER TABLE `ossn_relationships`
  ADD PRIMARY KEY (`relation_id`),
  ADD KEY `relation_to` (`relation_to`),
  ADD KEY `relation_from` (`relation_from`),
  ADD KEY `time` (`time`);
ALTER TABLE `ossn_relationships` ADD FULLTEXT KEY `type` (`type`);

--
-- Indexes for table `ossn_site_settings`
--
ALTER TABLE `ossn_site_settings`
  ADD PRIMARY KEY (`setting_id`);

--
-- Indexes for table `ossn_users`
--
ALTER TABLE `ossn_users`
  ADD PRIMARY KEY (`guid`),
  ADD KEY `last_login` (`last_login`),
  ADD KEY `last_activity` (`last_activity`),
  ADD KEY `time_created` (`time_created`);
ALTER TABLE `ossn_users` ADD FULLTEXT KEY `type` (`type`);
ALTER TABLE `ossn_users` ADD FULLTEXT KEY `email` (`email`);
ALTER TABLE `ossn_users` ADD FULLTEXT KEY `first_name` (`first_name`);
ALTER TABLE `ossn_users` ADD FULLTEXT KEY `last_name` (`last_name`);

--
-- Indexes for table `role_master`
--
ALTER TABLE `role_master`
  ADD PRIMARY KEY (`role_id`);

--
-- Indexes for table `statemaster`
--
ALTER TABLE `statemaster`
  ADD PRIMARY KEY (`StateID`);

--
-- Indexes for table `subcourse_master`
--
ALTER TABLE `subcourse_master`
  ADD PRIMARY KEY (`subcourseid`);

--
-- Indexes for table `willing_master`
--
ALTER TABLE `willing_master`
  ADD PRIMARY KEY (`id`);

--
-- AUTO_INCREMENT for dumped tables
--

--
-- AUTO_INCREMENT for table `expmonth_master`
--
ALTER TABLE `expmonth_master`
  MODIFY `month_id` int(11) NOT NULL AUTO_INCREMENT, AUTO_INCREMENT=13;

--
-- AUTO_INCREMENT for table `expyear_master`
--
ALTER TABLE `expyear_master`
  MODIFY `year_id` int(11) NOT NULL AUTO_INCREMENT, AUTO_INCREMENT=33;

--
-- AUTO_INCREMENT for table `functional_master`
--
ALTER TABLE `functional_master`
  MODIFY `fun_id` int(11) NOT NULL AUTO_INCREMENT, AUTO_INCREMENT=50;

--
-- AUTO_INCREMENT for table `industry_master`
--
ALTER TABLE `industry_master`
  MODIFY `ind_id` int(11) NOT NULL AUTO_INCREMENT, AUTO_INCREMENT=63;

--
-- AUTO_INCREMENT for table `maincourse_master`
--
ALTER TABLE `maincourse_master`
  MODIFY `courseid` int(11) NOT NULL AUTO_INCREMENT, AUTO_INCREMENT=6;

--
-- AUTO_INCREMENT for table `ossn_addons`
--
ALTER TABLE `ossn_addons`
  MODIFY `id` bigint(20) NOT NULL AUTO_INCREMENT;

--
-- AUTO_INCREMENT for table `ossn_annotations`
--
ALTER TABLE `ossn_annotations`
  MODIFY `id` bigint(20) NOT NULL AUTO_INCREMENT, AUTO_INCREMENT=4;

--
-- AUTO_INCREMENT for table `ossn_components`
--
ALTER TABLE `ossn_components`
  MODIFY `id` bigint(20) NOT NULL AUTO_INCREMENT, AUTO_INCREMENT=33;

--
-- AUTO_INCREMENT for table `ossn_entities`
--
ALTER TABLE `ossn_entities`
  MODIFY `guid` bigint(20) NOT NULL AUTO_INCREMENT, AUTO_INCREMENT=624;

--
-- AUTO_INCREMENT for table `ossn_entities_metadata`
--
ALTER TABLE `ossn_entities_metadata`
  MODIFY `id` bigint(20) NOT NULL AUTO_INCREMENT, AUTO_INCREMENT=624;

--
-- AUTO_INCREMENT for table `ossn_likes`
--
ALTER TABLE `ossn_likes`
  MODIFY `id` bigint(20) NOT NULL AUTO_INCREMENT, AUTO_INCREMENT=5;

--
-- AUTO_INCREMENT for table `ossn_messages`
--
ALTER TABLE `ossn_messages`
  MODIFY `id` bigint(20) NOT NULL AUTO_INCREMENT, AUTO_INCREMENT=11;

--
-- AUTO_INCREMENT for table `ossn_notifications`
--
ALTER TABLE `ossn_notifications`
  MODIFY `guid` bigint(20) NOT NULL AUTO_INCREMENT, AUTO_INCREMENT=7;

--
-- AUTO_INCREMENT for table `ossn_object`
--
ALTER TABLE `ossn_object`
  MODIFY `guid` bigint(20) NOT NULL AUTO_INCREMENT, AUTO_INCREMENT=94;

--
-- AUTO_INCREMENT for table `ossn_relationships`
--
ALTER TABLE `ossn_relationships`
  MODIFY `relation_id` bigint(20) NOT NULL AUTO_INCREMENT, AUTO_INCREMENT=81;

--
-- AUTO_INCREMENT for table `ossn_site_settings`
--
ALTER TABLE `ossn_site_settings`
  MODIFY `setting_id` bigint(20) NOT NULL AUTO_INCREMENT, AUTO_INCREMENT=13;

--
-- AUTO_INCREMENT for table `ossn_users`
--
ALTER TABLE `ossn_users`
  MODIFY `guid` bigint(20) NOT NULL AUTO_INCREMENT, AUTO_INCREMENT=102;

--
-- AUTO_INCREMENT for table `role_master`
--
ALTER TABLE `role_master`
  MODIFY `role_id` int(11) NOT NULL AUTO_INCREMENT, AUTO_INCREMENT=51;

--
-- AUTO_INCREMENT for table `statemaster`
--
ALTER TABLE `statemaster`
  MODIFY `StateID` int(11) NOT NULL AUTO_INCREMENT, AUTO_INCREMENT=36;

--
-- AUTO_INCREMENT for table `subcourse_master`
--
ALTER TABLE `subcourse_master`
  MODIFY `subcourseid` int(11) NOT NULL AUTO_INCREMENT, AUTO_INCREMENT=63;
COMMIT;

/*!40101 SET CHARACTER_SET_CLIENT=@OLD_CHARACTER_SET_CLIENT */;
/*!40101 SET CHARACTER_SET_RESULTS=@OLD_CHARACTER_SET_RESULTS */;
/*!40101 SET COLLATION_CONNECTION=@OLD_COLLATION_CONNECTION */;
